year,county,precinct,votes
2004,Clark,3415 - LAS,52037
2004,Clark,1523 - HEN,47676
2004,Clark,6491 - County,42008
2004,Washoe,RENO 445,40298
2004,Washoe,SPARKS 670,37516
2004,Clark,1310 - County,35522
2004,Clark,3482 - LAS,35440
2004,Washoe,RENO 239,33788
2004,Clark,6482 - County,33596
2004,Washoe,SPARKS 685,33166
2004,Clark,3514 - LAS,33132
2004,Washoe,RENO 120,32611
2004,Washoe,RENO 112,32318
2004,Washoe,SPARKS 804,32152
2004,Washoe,SPARKS 645,31868
2004,Clark,1311 - County,31425
2004,Clark,1522 - HEN,30649
2004,Clark,3494 - LAS,30644
2004,Clark,1467 - HEN,30420
2004,Clark,3507 - LAS,30059
2004,Clark,2404 - NLV,29803
2004,Washoe,SPARKS 682,29437
2004,Clark,3331 - County,29394
2004,Clark,3505 - LAS,29283
2004,Washoe,RENO 124,29102
2004,Clark,3530 - LAS,28652
2004,Clark,6481 - County,28649
2004,Clark,1350 - County,28606
2004,Washoe,RENO 350,28581
2004,Washoe,RENO 940,28170
2004,Clark,5414 - County,27968
2004,Washoe,RENO 537,27872
2004,Clark,3041 - LAS,27803
2004,Washoe,RENO 452,27726
2004,Clark,3481 - LAS,27723
2004,Washoe,RENO 516,27681
2004,Clark,3541 - LAS,27522
2004,Clark,3510 - LAS,27411
2004,Washoe,RENO 109,27209
2004,Clark,2361 - NLV,27103
2004,Clark,3404 - LAS,26914
2004,Clark,3520 - LAS,26838
2004,Clark,2365 - NLV,26811
2004,Washoe,RENO 106,26458
2004,Washoe,RENO 127,26442
2004,Clark,1451 - HEN,26356
2004,Clark,3219 - LAS,26219
2004,Clark,2435 - County,26188
2004,Washoe,RENO 807,26139
2004,Clark,1138 - County,26123
2004,Clark,3228 - LAS,26056
2004,Clark,1073 - LGH,26038
2004,Clark,2434 - County,26022
2004,Washoe,SPARKS 640,25853
2004,Clark,1515 - MES,25413
2004,Clark,3353 - LAS,25411
2004,Washoe,RENO 117,25375
2004,Clark,1149 - HEN,25348
2004,Clark,3502 - LAS,25257
2004,Clark,3330 - County,25244
2004,Clark,1355 - County,25168
2004,Washoe,SPARKS 648,25097
2004,Clark,1003 - BOC,25031
2004,Washoe,RENO 505,24991
2004,Clark,1324 - County,24964
2004,Clark,3450 - LAS,24947
2004,Clark,3360 - LAS,24897
2004,Washoe,RENO 945,24722
2004,Clark,3130 - LAS,24598
2004,Clark,6441 - County,24542
2004,Clark,3442 - LAS,24510
2004,Clark,5424 - County,24460
2004,Washoe,RENO 534,24440
2004,Clark,2311 - LAS,24182
2004,Clark,1463 - HEN,24179
2004,Clark,3424 - LAS,24133
2004,Clark,3390 - LAS,24100
2004,Clark,1490 - HEN,24049
2004,Washoe,SPARKS 643,24022
2004,Carson City,311,23961
2004,Washoe,RENO 515,23895
2004,Washoe,SPARKS 638,23875
2004,Washoe,SPARKS 858,23863
2004,Clark,1472 - HEN,23860
2004,Clark,2133 - County,23705
2004,Clark,2300 - LAS,23571
2004,Clark,7317 - County,23535
2004,Clark,6432 - County,23525
2004,Clark,3443 - LAS,23510
2004,Clark,1455 - HEN,23480
2004,Clark,7380 - County,23480
2004,Clark,2432 - County,23435
2004,Clark,3508 - LAS,23424
2004,Clark,2454 - LAS,23395
2004,Washoe,RENO 443,23327
2004,Clark,3351 - LAS,23187
2004,Clark,7388 - County,23163
2004,Clark,1163 - HEN,23106
2004,Clark,2375 - NLV,23099
2004,Clark,1461 - HEN,22868
2004,Washoe,SPARKS 671,22850
2004,Clark,2351 - LAS,22825
2004,Washoe,RENO 103,22819
2004,Washoe,RENO 504,22776
2004,Washoe,RENO 731,22741
2004,Clark,3463 - LAS,22622
2004,Washoe,RENO 421,22515
2004,Washoe,RENO 521,22473
2004,Clark,2350 - LAS,22468
2004,Clark,6342 - LAS,22467
2004,Clark,6069 - County,22442
2004,Clark,3214 - LAS,22427
2004,Clark,6421 - County,22344
2004,Clark,2312 - LAS,22203
2004,Washoe,RENO 517,22055
2004,Clark,1142 - County,21963
2004,Clark,7424 - County,21894
2004,Washoe,RENO 539,21829
2004,Clark,7423 - County,21814
2004,Clark,1492 - HEN,21791
2004,Clark,1113 - HEN,21790
2004,Clark,7315 - County,21766
2004,Clark,1322 - County,21760
2004,Clark,7335 - County,21717
2004,Clark,1402 - HEN,21704
2004,Clark,3472 - LAS,21694
2004,Clark,4424 - County,21629
2004,Clark,7333 - County,21449
2004,Clark,6343 - LAS,21428
2004,Clark,1082 - HEN,21396
2004,Washoe,RENO 503,21392
2004,Clark,3229 - LAS,21369
2004,Clark,3042 - LAS,21349
2004,Clark,3320 - LAS,21337
2004,Clark,1321 - County,21294
2004,Washoe,RENO 535,21273
2004,Washoe,SPARKS 838,21248
2004,Clark,6083 - County,21228
2004,Clark,7386 - County,21224
2004,Clark,3352 - LAS,21031
2004,Clark,6380 - LAS,20960
2004,Washoe,RENO 507,20958
2004,Clark,1433 - HEN,20957
2004,Clark,7412 - HEN,20952
2004,Washoe,RENO 337,20863
2004,Washoe,RENO 724,20855
2004,Clark,7005 - HEN,20832
2004,Clark,2342 - LAS,20831
2004,Clark,3034 - LAS,20803
2004,Clark,1009 - BOC,20752
2004,Clark,3444 - County,20649
2004,Clark,6450 - County,20629
2004,Clark,2364 - NLV,20605
2004,Clark,3324 - County,20599
2004,Washoe,INCLINE VILLAGE 730,20532
2004,Clark,3350 - LAS,20510
2004,Clark,1008 - BOC,20505
2004,Clark,4347 - LAS,20497
2004,Washoe,RENO 224,20432
2004,Clark,1494 - HEN,20395
2004,Clark,2460 - LAS,20384
2004,Clark,2395 - NLV,20264
2004,Clark,1453 - HEN,20238
2004,Washoe,RENO 524,20200
2004,Clark,3225 - LAS,20194
2004,Clark,3485 - LAS,20194
2004,Clark,1512 - HEN,20177
2004,Washoe,RENO 237,20129
2004,Clark,2467 - MES,20086
2004,Clark,3495 - LAS,20082
2004,Clark,3483 - LAS,20065
2004,Clark,1404 - HEN,20063
2004,Clark,4330 - LAS,20063
2004,Washoe,RENO 236,20044
2004,Washoe,RENO 922,20010
2004,Clark,7345 - HEN,20002
2004,Washoe,RENO 510,19983
2004,Clark,6305 - LAS,19923
2004,Washoe,RENO 118,19910
2004,Clark,1470 - HEN,19891
2004,Washoe,RENO 853,19891
2004,Clark,5322 - County,19874
2004,Clark,1325 - County,19839
2004,Washoe,RENO 811,19733
2004,Clark,4462 - LAS,19721
2004,Washoe,RENO 228,19660
2004,Clark,5423 - County,19648
2004,Washoe,SPARKS 632,19646
2004,Clark,1421 - HEN,19594
2004,Clark,1323 - County,19590
2004,Clark,1465 - HEN,19538
2004,Clark,1127 - HEN,19534
2004,Clark,3501 - LAS,19482
2004,Clark,5432 - County,19468
2004,Clark,1007 - BOC,19404
2004,Clark,6433 - County,19396
2004,Washoe,RENO 336,19395
2004,Clark,2314 - LAS,19329
2004,Clark,2305 - LAS,19327
2004,Clark,3341 - LAS,19325
2004,Clark,6524 - County,19291
2004,Clark,3500 - LAS,19282
2004,Clark,4311 - NLV,19273
2004,Clark,3491 - LAS,19243
2004,Clark,2451 - LAS,19194
2004,Clark,2346 - LAS,19139
2004,Clark,1405 - HEN,19138
2004,Clark,1456 - HEN,19131
2004,Washoe,SPARKS 696,19128
2004,Clark,2325 - LAS,19091
2004,Clark,5320 - LAS,19087
2004,Washoe,RENO 455,19052
2004,Clark,6460 - County,19039
2004,Clark,5344 - County,18958
2004,Clark,2418 - County,18933
2004,Clark,5355 - County,18913
2004,Clark,1449 - County,18882
2004,Washoe,RENO 121,18877
2004,Clark,7365 - HEN,18868
2004,Clark,1435 - HEN,18853
2004,Clark,1392 - HEN,18810
2004,Clark,1452 - HEN,18799
2004,Washoe,SPARKS 650,18778
2004,Clark,7374 - County,18775
2004,Clark,6355 - LAS,18672
2004,Clark,5415 - County,18660
2004,Clark,3038 - LAS,18657
2004,Clark,3332 - County,18645
2004,Clark,6451 - County,18629
2004,Clark,7326 - County,18555
2004,Clark,6375 - LAS,18536
2004,Clark,3362 - LAS,18522
2004,Clark,7404 - HEN,18492
2004,Washoe,INCLINE VILLAGE 795,18486
2004,Washoe,SPARKS 726,18443
2004,Clark,6444 - County,18436
2004,Washoe,SPARKS 673,18424
2004,Washoe,INCLINE VILLAGE 729,18407
2004,Clark,6455 - County,18362
2004,Clark,3423 - LAS,18327
2004,Washoe,SPARKS 854,18295
2004,Clark,6354 - LAS,18261
2004,Washoe,INCLINE VILLAGE 722,18236
2004,Washoe,RENO 428,18225
2004,Clark,3470 - LAS,18207
2004,Washoe,RENO 525,18151
2004,Clark,7375 - County,18088
2004,Clark,6464 - County,18082
2004,Clark,3334 - County,18020
2004,Clark,3127 - LAS,18019
2004,Clark,1108 - HEN,17944
2004,Clark,6332 - LAS,17944
2004,Clark,3323 - LAS,17906
2004,Clark,5031 - County,17841
2004,Clark,6396 - LAS,17824
2004,Clark,2310 - LAS,17799
2004,Washoe,SPARKS 625,17794
2004,Washoe,RENO 245,17793
2004,Clark,6363 - LAS,17780
2004,Clark,5353 - County,17779
2004,Clark,6420 - County,17707
2004,Washoe,SPARKS 695,17687
2004,Clark,3313 - County,17685
2004,Clark,6073 - County,17644
2004,Washoe,RENO 511,17615
2004,Clark,1005 - BOC,17606
2004,Clark,1424 - HEN,17597
2004,Washoe,RENO 794,17594
2004,Washoe,SPARKS 687,17523
2004,Clark,4466 - LAS,17516
2004,Washoe,RENO 533,17509
2004,Clark,3490 - LAS,17508
2004,Clark,5365 - County,17503
2004,Clark,7300 - County,17501
2004,Clark,5411 - County,17399
2004,Clark,1516 - MES,17379
2004,Clark,6013 - LAS,17324
2004,Washoe,RENO 723,17260
2004,Washoe,RENO 316,17245
2004,Washoe,RENO 702,17188
2004,Clark,3129 - LAS,17176
2004,Clark,3412 - LAS,17164
2004,Clark,4376 - LAS,17131
2004,Washoe,RENO 123,17128
2004,Clark,3461 - County,17117
2004,Clark,3090 - LAS,17059
2004,Clark,1420 - HEN,17048
2004,Clark,3321 - LAS,17041
2004,Clark,1116 - HEN,17038
2004,Washoe,VERDI 813,17035
2004,Washoe,RENO 312,17006
2004,Clark,2306 - LAS,16974
2004,Washoe,VERDI 848,16971
2004,Clark,5351 - LAS,16940
2004,Washoe,INCLINE VILLAGE 727,16939
2004,Clark,6079 - County,16922
2004,Clark,7086 - County,16917
2004,Clark,2455 - LAS,16900
2004,Washoe,RENO 324,16882
2004,Clark,5374 - County,16881
2004,Clark,6352 - LAS,16834
2004,Clark,4430 - County,16820
2004,Washoe,RENO 902,16810
2004,Clark,2422 - County,16793
2004,Clark,3344 - LAS,16753
2004,Clark,1481 - HEN,16732
2004,Clark,7052 - County,16707
2004,Clark,4301 - NLV,16678
2004,Clark,2362 - NLV,16653
2004,Clark,3420 - LAS,16641
2004,Clark,5035 - County,16641
2004,Clark,1124 - HEN,16604
2004,Clark,6454 - County,16574
2004,Clark,2461 - LAS,16573
2004,Clark,6323 - LAS,16565
2004,Washoe,RENO 113,16557
2004,Washoe,RENO 315,16525
2004,Clark,6452 - County,16496
2004,Washoe,SPARKS 728,16490
2004,Clark,1531 - MVA,16489
2004,Clark,6403 - LAS,16463
2004,Clark,2374 - NLV,16462
2004,Washoe,SPARKS 810,16452
2004,Clark,1001 - BOC,16449
2004,Washoe,RENO 531,16432
2004,Clark,6300 - LAS,16419
2004,Clark,7033 - County,16407
2004,Clark,6344 - LAS,16403
2004,Clark,2301 - LAS,16378
2004,Clark,1440 - HEN,16338
2004,Clark,6401 - LAS,16335
2004,Clark,7314 - County,16334
2004,Washoe,RENO 802,16330
2004,Clark,3471 - LAS,16302
2004,Washoe,RENO 140,16300
2004,Washoe,RENO 132,16278
2004,Clark,7324 - County,16262
2004,Clark,1530 - BOC,16202
2004,Clark,7083 - County,16164
2004,Washoe,RENO 102,16161
2004,Clark,3335 - County,16143
2004,Clark,1480 - HEN,16125
2004,Clark,7036 - County,16125
2004,Clark,5016 - County,16066
2004,Clark,3462 - County,16031
2004,Clark,3089 - LAS,16028
2004,Clark,5387 - County,15982
2004,Washoe,RENO 115,15970
2004,Clark,2413 - County,15955
2004,Clark,1454 - HEN,15922
2004,Clark,6360 - LAS,15902
2004,Clark,6361 - LAS,15890
2004,Clark,4320 - LAS,15888
2004,Washoe,RENO 532,15844
2004,Clark,4365 - LAS,15822
2004,Washoe,SPARKS 621,15818
2004,Washoe,SPARKS 651,15812
2004,Clark,3401 - LAS,15794
2004,Clark,5361 - County,15761
2004,Clark,6374 - LAS,15754
2004,Clark,3227 - LAS,15748
2004,Clark,1445 - HEN,15690
2004,Clark,7394 - HEN,15669
2004,Washoe,RENO 430,15662
2004,Clark,3434 - LAS,15643
2004,Clark,4360 - LAS,15637
2004,Clark,3403 - LAS,15596
2004,Clark,5422 - County,15596
2004,Clark,7342 - HEN,15588
2004,Clark,4416 - NLV,15583
2004,Clark,1010 - BOC,15546
2004,Clark,6334 - LAS,15538
2004,Washoe,RENO 429,15528
2004,Clark,4325 - LAS,15521
2004,Washoe,SPARKS 647,15512
2004,Clark,5304 - County,15510
2004,Washoe,RENO 444,15509
2004,Clark,6461 - County,15500
2004,Clark,3220 - LAS,15465
2004,Clark,3449 - County,15421
2004,Clark,1442 - HEN,15342
2004,Clark,1006 - BOC,15292
2004,Clark,1493 - HEN,15267
2004,Clark,6325 - LAS,15224
2004,Clark,6465 - County,15089
2004,Clark,5024 - County,15059
2004,Clark,4380 - LAS,15053
2004,Clark,3445 - County,15029
2004,Clark,1423 - HEN,15027
2004,Clark,1401 - HEN,14988
2004,Clark,2453 - LAS,14984
2004,Clark,4460 - LAS,14940
2004,Clark,1444 - HEN,14921
2004,Washoe,RENO 707,14921
2004,Clark,1300 - County,14912
2004,Washoe,RENO 402,14912
2004,Clark,6067 - County,14907
2004,Washoe,RENO 126,14898
2004,Clark,3322 - LAS,14868
2004,Clark,3355 - LAS,14857
2004,Washoe,RENO 435,14851
2004,Clark,7377 - County,14840
2004,Clark,2431 - County,14827
2004,Clark,1313 - County,14818
2004,Washoe,SPARKS 734,14675
2004,Clark,1002 - BOC,14650
2004,Clark,1078 - HEN,14650
2004,Clark,5352 - LAS,14630
2004,Clark,3342 - LAS,14623
2004,Washoe,INCLINE VILLAGE 796,14595
2004,Washoe,SPARKS 976,14565
2004,Clark,2420 - County,14535
2004,Clark,3035 - LAS,14521
2004,Clark,6414 - County,14518
2004,Clark,6445 - County,14518
2004,Clark,1443 - HEN,14514
2004,Clark,7330 - County,14509
2004,Clark,7382 - County,14461
2004,Washoe,RENO 251,14423
2004,Clark,7321 - County,14419
2004,Washoe,SPARKS 812,14340
2004,Clark,3506 - LAS,14337
2004,Clark,1400 - HEN,14331
2004,Washoe,RENO 232,14330
2004,Washoe,RENO 354,14283
2004,Clark,7046 - County,14251
2004,Washoe,RENO 817,14146
2004,Washoe,RENO 868,14134
2004,Washoe,RENO 423,14110
2004,Washoe,RENO 107,14102
2004,Washoe,RENO 819,14087
2004,Washoe,SPARKS 692,14031
2004,Clark,5075 - County,14004
2004,Clark,7309 - County,13996
2004,Clark,2363 - NLV,13961
2004,Clark,4385 - LAS,13877
2004,Washoe,RENO 235,13868
2004,Washoe,RENO 522,13863
2004,Washoe,INCLINE VILLAGE 720,13841
2004,Washoe,SPARKS 697,13803
2004,Clark,1482 - HEN,13796
2004,Washoe,RENO 234,13727
2004,Clark,6071 - County,13662
2004,Washoe,RENO 944,13637
2004,Clark,3345 - LAS,13625
2004,Clark,7343 - HEN,13622
2004,Washoe,SPARKS 851,13613
2004,Clark,3422 - LAS,13538
2004,Clark,6311 - LAS,13515
2004,Washoe,SPARKS 642,13514
2004,Clark,2433 - County,13504
2004,Clark,4371 - LAS,13492
2004,Clark,5385 - LAS,13485
2004,Clark,7392 - HEN,13458
2004,Washoe,RENO 732,13440
2004,Washoe,SPARKS 614,13439
2004,Clark,7301 - County,13438
2004,Washoe,RENO 351,13437
2004,Clark,6523 - County,13350
2004,Clark,1430 - HEN,13345
2004,Clark,6340 - LAS,13337
2004,Washoe,RENO 314,13324
2004,Washoe,RENO 712,13316
2004,Clark,3326 - LAS,13264
2004,Clark,6310 - LAS,13263
2004,Washoe,RENO 703,13251
2004,Washoe,SPARKS 627,13224
2004,Clark,7303 - County,13195
2004,Clark,3452 - LAS,13185
2004,Clark,7084 - County,13164
2004,Clark,3421 - LAS,13159
2004,Washoe,SPARKS 684,13147
2004,Clark,7331 - County,13131
2004,Clark,1450 - HEN,13087
2004,Clark,3333 - County,13052
2004,Washoe,RENO 230,13049
2004,Washoe,RENO 508,13037
2004,Clark,6442 - County,12976
2004,Clark,3340 - LAS,12970
2004,Washoe,RENO 809,12922
2004,Clark,5370 - County,12913
2004,Washoe,RENO 119,12828
2004,Clark,5325 - County,12757
2004,Clark,5354 - County,12728
2004,Washoe,RENO 323,12720
2004,Washoe,SPARKS 635,12693
2004,Washoe,RENO 223,12662
2004,Clark,6404 - County,12640
2004,Clark,2414 - County,12630
2004,Washoe,SPARKS 653,12607
2004,Washoe,SPARKS 758,12582
2004,Clark,5363 - County,12570
2004,Clark,7313 - County,12521
2004,Washoe,RENO 226,12509
2004,Clark,7421 - HEN,12483
2004,Washoe,SPARKS 735,12396
2004,Clark,1441 - HEN,12357
2004,Clark,2424 - NLV,12331
2004,Clark,7308 - County,12318
2004,Clark,4464 - LAS,12310
2004,Clark,1524 - HEN,12309
2004,Clark,5360 - County,12282
2004,Clark,5401 - County,12270
2004,Clark,2302 - LAS,12268
2004,Clark,3525 - LAS,12256
2004,Clark,5315 - LAS,12254
2004,Washoe,SPARKS 672,12236
2004,Washoe,RENO 419,12219
2004,Clark,1109 - HEN,12179
2004,Washoe,RENO 818,12147
2004,Clark,7420 - HEN,12145
2004,Clark,6391 - LAS,12134
2004,Clark,4374 - LAS,12091
2004,Washoe,RENO 227,12085
2004,Clark,6453 - County,12075
2004,Clark,2321 - LAS,12071
2004,Washoe,RENO 125,12020
2004,Washoe,RENO 242,11980
2004,Clark,6350 - LAS,11954
2004,Washoe,SPARKS 619,11935
2004,Clark,4383 - LAS,11914
2004,Clark,6395 - LAS,11842
2004,Clark,6510 - County,11794
2004,Clark,1165 - HEN,11765
2004,Clark,6074 - County,11763
2004,Clark,5383 - LAS,11731
2004,Clark,7038 - County,11715
2004,Clark,3312 - LAS,11713
2004,Washoe,RENO 501,11682
2004,Clark,7393 - HEN,11681
2004,Clark,1425 - HEN,11673
2004,Clark,7425 - County,11659
2004,Washoe,SPARKS 657,11643
2004,Clark,6341 - LAS,11640
2004,Washoe,INCLINE VILLAGE 721,11632
2004,Clark,6472 - County,11609
2004,Washoe,RENO 964,11539
2004,Clark,5386 - County,11526
2004,Clark,2048 - LAS,11513
2004,Clark,7376 - County,11488
2004,Clark,2122 - County,11480
2004,Clark,1112 - HEN,11414
2004,Clark,6392 - LAS,11390
2004,Clark,6333 - LAS,11385
2004,Washoe,SPARKS 852,11368
2004,Clark,6394 - LAS,11367
2004,Clark,3343 - LAS,11341
2004,Clark,1460 - HEN,11308
2004,Washoe,RENO 338,11287
2004,Clark,7061 - County,11267
2004,Clark,5380 - County,11264
2004,Clark,5364 - County,11208
2004,Clark,5303 - County,11205
2004,Clark,7319 - County,11194
2004,Clark,7353 - HEN,11134
2004,Clark,7406 - HEN,11129
2004,Clark,6034 - LAS,11104
2004,Washoe,RENO 816,11069
2004,Clark,6393 - LAS,11008
2004,Washoe,VERDI 528,10958
2004,Clark,2452 - LAS,10947
2004,Clark,2047 - LAS,10927
2004,Clark,7071 - County,10886
2004,Clark,6373 - LAS,10875
2004,Clark,5420 - County,10850
2004,Clark,6351 - LAS,10825
2004,Washoe,SPARKS 629,10823
2004,Clark,7302 - County,10799
2004,Clark,1413 - County,10791
2004,Carson City,213,10755
2004,Clark,3526 - LAS,10750
2004,Clark,1312 - County,10688
2004,Clark,7346 - HEN,10676
2004,Washoe,RENO 325,10655
2004,Clark,3402 - LAS,10618
2004,Clark,5336 - County,10544
2004,Clark,1301 - County,10537
2004,Washoe,RENO 523,10535
2004,Clark,1422 - HEN,10532
2004,Clark,3410 - LAS,10518
2004,Clark,5392 - County,10378
2004,Clark,2345 - LAS,10345
2004,Clark,2425 - NLV,10337
2004,Washoe,RENO 221,10326
2004,Clark,5373 - County,10243
2004,Washoe,RENO 208,10209
2004,Clark,1305 - County,10120
2004,Washoe,RENO 131,10091
2004,Clark,7391 - County,10085
2004,Clark,4465 - LAS,10058
2004,Washoe,RENO 897,10054
2004,Washoe,RENO 309,10049
2004,Clark,3504 - County,10034
2004,Washoe,RENO 536,9962
2004,Clark,7060 - County,9929
2004,Clark,3536 - County,9920
2004,Clark,2332 - LAS,9900
2004,Washoe,SPARKS 603,9885
2004,Clark,1532 - MVA,9832
2004,Clark,3451 - LAS,9822
2004,Washoe,SPARKS 850,9774
2004,Clark,7304 - County,9765
2004,Clark,3460 - County,9753
2004,Clark,2322 - LAS,9741
2004,Clark,1462 - HEN,9707
2004,Washoe,RENO 953,9669
2004,Clark,6425 - County,9665
2004,Clark,3311 - LAS,9649
2004,Clark,4312 - NLV,9618
2004,Clark,3394 - LAS,9581
2004,Clark,4040 - LAS,9532
2004,Washoe,RENO 705,9529
2004,Clark,2426 - NLV,9491
2004,Clark,4031 - LAS,9490
2004,Washoe,RENO 243,9402
2004,Clark,2462 - LAS,9401
2004,Clark,4425 - County,9220
2004,Clark,5305 - County,9185
2004,Clark,1004 - BOC,9180
2004,Clark,6443 - County,9163
2004,Clark,6304 - County,9128
2004,Clark,7328 - County,9117
2004,Washoe,SPARKS 618,9088
2004,Clark,7390 - County,9084
2004,Clark,3484 - County,9083
2004,Washoe,RENO 214,9057
2004,Clark,2333 - LAS,9026
2004,Washoe,RENO 930,8997
2004,Clark,1060 - County,8938
2004,Washoe,RENO 122,8925
2004,Clark,6345 - LAS,8923
2004,Clark,3120 - LAS,8806
2004,Clark,5340 - County,8789
2004,Washoe,RENO 222,8781
2004,Clark,1484 - HEN,8760
2004,Clark,3384 - LAS,8725
2004,Washoe,SPARKS 615,8722
2004,Washoe,SPARKS 620,8716
2004,Clark,6382 - LAS,8714
2004,Washoe,RENO 410,8684
2004,Clark,4410 - NLV,8661
2004,Washoe,RENO 213,8638
2004,Washoe,RENO 831,8605
2004,Washoe,SPARKS 611,8601
2004,Clark,7363 - HEN,8589
2004,Washoe,RENO 801,8579
2004,Clark,2412 - County,8567
2004,Clark,3336 - County,8473
2004,Clark,2307 - LAS,8441
2004,Clark,5375 - County,8441
2004,Washoe,RENO 238,8426
2004,Clark,5381 - County,8405
2004,Clark,1483 - HEN,8362
2004,Washoe,VERDI 148,8353
2004,Clark,3396 - LAS,8302
2004,Clark,7340 - County,8298
2004,Washoe,RENO 231,8242
2004,Washoe,RENO 252,8238
2004,Washoe,RENO 209,8220
2004,Clark,4343 - LAS,8207
2004,Clark,6413 - County,8182
2004,Washoe,RENO 128,8152
2004,Clark,6381 - LAS,8142
2004,Washoe,RENO 141,8103
2004,Clark,1431 - HEN,8064
2004,Clark,6068 - County,8056
2004,Washoe,RENO 457,8010
2004,Washoe,RENO 326,8008
2004,Clark,5402 - County,7996
2004,Washoe,SPARKS 628,7989
2004,Clark,6462 - County,7946
2004,Washoe,RENO 105,7917
2004,Washoe,SPARKS 630,7902
2004,Washoe,RENO 935,7892
2004,Clark,4417 - NLV,7878
2004,Clark,3425 - LAS,7869
2004,Clark,3400 - LAS,7849
2004,Clark,1434 - HEN,7846
2004,Clark,4370 - LAS,7840
2004,Clark,7316 - County,7832
2004,Washoe,RENO 821,7818
2004,Clark,1123 - HEN,7760
2004,Clark,4364 - LAS,7691
2004,Washoe,RENO 100,7676
2004,Clark,6370 - LAS,7588
2004,Clark,7384 - County,7577
2004,Clark,6400 - LAS,7533
2004,Clark,3314 - County,7518
2004,Clark,4455 - LAS,7507
2004,Clark,7080 - County,7492
2004,Clark,7385 - County,7422
2004,Clark,5421 - County,7404
2004,Clark,1017 - BUN,7400
2004,Clark,7381 - County,7393
2004,Washoe,RENO 710,7372
2004,Clark,1485 - HEN,7351
2004,Clark,1432 - HEN,7289
2004,Washoe,WADSWORTH 815,7262
2004,Clark,7370 - LAS,7170
2004,Washoe,SPARKS 655,7156
2004,Clark,2313 - LAS,7132
2004,Clark,1314 - County,7103
2004,Clark,7323 - County,7102
2004,Clark,6415 - County,7096
2004,Clark,5302 - County,7092
2004,Clark,6430 - County,7051
2004,Clark,1466 - HEN,7038
2004,Washoe,SPARKS 754,7031
2004,Clark,4355 - LAS,6995
2004,Clark,4443 - County,6965
2004,Washoe,RENO 206,6889
2004,Washoe,RENO 310,6831
2004,Washoe,RENO 400,6775
2004,Clark,4375 - LAS,6759
2004,Washoe,RENO 867,6759
2004,Clark,4396 - NLV,6750
2004,Clark,4441 - County,6712
2004,Washoe,SPARKS 658,6696
2004,Clark,6385 - LAS,6685
2004,Washoe,RENO 442,6637
2004,Washoe,RENO 110,6544
2004,Clark,4394 - NLV,6536
2004,Clark,6516 - County,6515
2004,Washoe,RENO 789,6511
2004,Clark,1403 - HEN,6508
2004,Clark,6480 - County,6504
2004,Clark,5300 - LAS,6454
2004,Clark,1393 - HEN,6427
2004,Clark,6365 - LAS,6424
2004,Washoe,RENO 219,6378
2004,Washoe,RENO 938,6369
2004,Clark,3300 - County,6360
2004,Clark,3301 - LAS,6342
2004,Washoe,SPARKS 623,6340
2004,Washoe,RENO 304,6278
2004,Washoe,SPARKS 686,6265
2004,Washoe,RENO 526,6250
2004,Washoe,RENO 781,6226
2004,Clark,5334 - County,6215
2004,Clark,3315 - County,6203
2004,Clark,3531 - County,6183
2004,Washoe,RENO 143,6183
2004,Clark,4403 - NLV,6129
2004,Washoe,RENO 129,6094
2004,Clark,4440 - County,6093
2004,Washoe,SPARKS 725,6060
2004,Washoe,RENO 225,6051
2004,Clark,1412 - County,6013
2004,Washoe,SPARKS 654,5995
2004,Nye,AMARGOSA VLY O6,5924
2004,Clark,3303 - County,5882
2004,Washoe,SPARKS 744,5865
2004,Washoe,RENO 456,5856
2004,Clark,6372 - LAS,5816
2004,Clark,6390 - LAS,5810
2004,Clark,4452 - LAS,5783
2004,Clark,7070 - County,5710
2004,Clark,6312 - LAS,5677
2004,Clark,3325 - County,5574
2004,Nye,TONOPAH 17,5564
2004,Pershing,2,5537
2004,Clark,7373 - LAS,5499
2004,Clark,3453 - LAS,5466
2004,Clark,4414 - NLV,5461
2004,Washoe,RENO 130,5418
2004,Clark,5343 - County,5402
2004,Washoe,SPARKS 610,5330
2004,Washoe,RENO 215,5328
2004,Clark,4356 - LAS,5320
2004,Clark,7383 - County,5270
2004,Clark,4353 - LAS,5243
2004,Clark,4426 - County,5242
2004,Clark,5321 - County,5218
2004,Clark,4436 - County,5199
2004,Clark,2303 - LAS,5194
2004,Clark,2355 - LAS,5194
2004,Clark,7364 - HEN,5176
2004,Clark,6320 - LAS,5073
2004,Washoe,SPARKS 786,5066
2004,Clark,4451 - LAS,5064
2004,Clark,5362 - County,5006
2004,Washoe,RENO 346,4977
2004,Washoe,RENO 233,4959
2004,Clark,7431 - HEN,4952
2004,Clark,1500 - HEN,4942
2004,Washoe,RENO 968,4911
2004,Clark,7325 - County,4865
2004,Washoe,RENO 512 (MP),4824
2004,Washoe,VERDI 530 (MP),4746
2004,Clark,6483 - County,4703
2004,Clark,5342 - County,4681
2004,Clark,2334 - County,4656
2004,Washoe,RENO 519,4598
2004,Clark,3186 - County,4549
2004,Clark,4372 - LAS,4523
2004,Clark,1416 - HEN,4503
2004,Clark,4433 - County,4493
2004,Clark,2370 - NLV,4489
2004,Clark,5316 - LAS,4466
2004,Washoe,RENO 101 (MP),4408
2004,Clark,5367 - County,4386
2004,Washoe,RENO 856,4331
2004,Clark,6485 - County,4289
2004,Clark,5391 - County,4257
2004,Clark,6324 - County,4249
2004,Clark,2470 - MOA,4228
2004,Washoe,RENO 416,4217
2004,Washoe,SPARKS 759,4211
2004,Clark,6383 - LAS,4202
2004,Clark,6473 - County,4195
2004,Clark,6384 - LAS,4190
2004,Washoe,VERDI 540 (MP),4180
2004,Washoe,INCLINE VILLAGE 739,4080
2004,Clark,5314 - County,4076
2004,Clark,4331 - LAS,4053
2004,Clark,2339 - County,4040
2004,Clark,7400 - HEN,4028
2004,Clark,6422 - County,4011
2004,Clark,2331 - LAS,3988
2004,Washoe,RENO 906,3986
2004,Washoe,RENO 832 MP,3943
2004,Clark,5313 - LAS,3909
2004,Clark,4350 - LAS,3872
2004,Washoe,SPARKS 830 (MP),3758
2004,Clark,2471 - MOA,3749
2004,Washoe,SPARKS 683 (MP),3725
2004,Washoe,VERDI 957 (MP),3707
2004,Washoe,RENO 216,3705
2004,Washoe,RENO 905,3640
2004,Nye,TONOPAH 16,3637
2004,Washoe,RENO 788 (MP),3606
2004,Washoe,RENO 355,3574
2004,Clark,4393 - NLV,3556
2004,Clark,6330 - LAS,3556
2004,Clark,2341 - LAS,3496
2004,Washoe,RENO 420,3489
2004,Clark,4413 - NLV,3488
2004,Clark,4351 - LAS,3460
2004,Washoe,SPARKS 624 (MP),3435
2004,Clark,4361 - LAS,3426
2004,Clark,2427 - County,3416
2004,Clark,6411 - County,3397
2004,Clark,4300 - NLV,3358
2004,Clark,4412 - NLV,3340
2004,Washoe,RENO 513 (MP),3334
2004,Clark,6364 - LAS,3300
2004,Clark,1464 - HEN,3286
2004,Clark,4392 - NLV,3282
2004,Washoe,RENO 142 (MP),3247
2004,Clark,4386 - LAS,3212
2004,Washoe,RENO 413,3207
2004,Washoe,SPARKS 604,3199
2004,Clark,7305 - County,3198
2004,Clark,6353 - LAS,3168
2004,Clark,4382 - LAS,3151
2004,Washoe,RENO 211 (MP),3151
2004,Washoe,SPARKS 713 (MP),3113
2004,Washoe,RENO 929 (MP),3106
2004,Clark,4341 - LAS,3094
2004,Clark,2411 - County,3082
2004,Washoe,RENO 963 (MP),3000
2004,Clark,4431 - County,2997
2004,Clark,3316 - County,2991
2004,Clark,4402 - NLV,2969
2004,Washoe,SPARKS 613 (MP),2962
2004,Washoe,RENO 433 (MP),2937
2004,Washoe,RENO 135,2931
2004,Clark,4324 - LAS,2918
2004,Clark,3411 - LAS,2900
2004,Washoe,SPARKS 718 (MP),2897
2004,Clark,2104 - County,2888
2004,Clark,6474 - County,2858
2004,Clark,2423 - County,2827
2004,Clark,2323 - LAS,2701
2004,Clark,6331 - LAS,2697
2004,Clark,5301 - County,2694
2004,Washoe,RENO 859 (MP),2675
2004,Washoe,RENO 708 (MP),2674
2004,Clark,4422 - NLV,2667
2004,Clark,4435 - County,2657
2004,Washoe,SPARKS 698 (MP),2656
2004,Clark,4019 - NLV,2652
2004,Clark,9991 - Pro,2628
2004,Clark,2336 - County,2621
2004,Washoe,RENO 220 (MP),2580
2004,Clark,4420 - NLV,2576
2004,Clark,4397 - NLV,2569
2004,Washoe,RENO 518,2561
2004,Clark,3497 - County,2560
2004,Washoe,GERLACH 806 (MP),2544
2004,Clark,2326 - LAS,2532
2004,Washoe,PROVISIONAL FEDERAL,2523
2004,Washoe,RENO 254 (MP),2494
2004,Clark,6423 - County,2468
2004,Clark,7362 - HEN,2465
2004,Clark,3480 - County,2431
2004,Clark,7401 - HEN,2427
2004,Clark,6321 - County,2394
2004,Washoe,SPARKS 606 (MP),2391
2004,Clark,5371 - County,2378
2004,Washoe,RENO 700 (MP),2378
2004,Washoe,SPARKS 808 (MP),2317
2004,Clark,9993 - Pro,2289
2004,Clark,3515 - County,2277
2004,Clark,4411 - NLV,2269
2004,Washoe,RENO 787 (MP),2259
2004,Washoe,SPARKS 753 (MP),2240
2004,Clark,2347 - County,2213
2004,Clark,1491 - HEN,2212
2004,Clark,6038 - County,2200
2004,Clark,4302 - NLV,2198
2004,Clark,4444 - County,2150
2004,Clark,4352 - LAS,2129
2004,Clark,4373 - LAS,2101
2004,Clark,4050 - LAS,1998
2004,Washoe,RENO 932 (MP),1988
2004,Clark,4344 - LAS,1949
2004,Clark,4427 - County,1932
2004,Clark,5341 - County,1902
2004,Washoe,RENO 879 (MP),1878
2004,Clark,5312 - LAS,1873
2004,Clark,5331 - County,1872
2004,Washoe,RENO 747 (MP),1869
2004,Clark,4022 - NLV,1861
2004,Washoe,RENO 440 (MP),1839
2004,Washoe,RENO 748 (MP),1821
2004,Clark,7310 - County,1809
2004,Clark,4401 - NLV,1796
2004,Clark,7016 - HEN,1792
2004,Washoe,RENO 204 (MP),1733
2004,Clark,4450 - LAS,1705
2004,Washoe,RENO 417 (MP),1645
2004,Clark,6335 - County,1636
2004,Washoe,RENO 900 (MP),1630
2004,Clark,2340 - County,1602
2004,Washoe,WADSWORTH 910 (MP),1589
2004,Clark,2416 - County,1571
2004,Washoe,RENO 434 (MP),1565
2004,Clark,4453 - LAS,1562
2004,Clark,4323 - County,1551
2004,Clark,4363 - LAS,1532
2004,Clark,7372 - LAS,1526
2004,Clark,4391 - NLV,1506
2004,Washoe,GERLACH 839 (MP),1479
2004,Washoe,RENO 432 (MP),1460
2004,Washoe,RENO 409 (MP),1451
2004,Washoe,SPARKS 746 (MP),1443
2004,Clark,4035 - LAS,1414
2004,Washoe,RENO 412 (MP),1406
2004,Washoe,RENO 978 (MP),1392
2004,Clark,2320 - County,1381
2004,Washoe,RENO 506 (MP),1375
2004,Clark,3354 - LAS,1366
2004,Clark,6371 - LAS,1357
2004,Clark,7307 - County,1353
2004,Washoe,RENO 784 (MP),1307
2004,Clark,6322 - LAS,1288
2004,Washoe,RENO 418 (MP),1286
2004,Clark,5306 - County,1275
2004,Clark,2335 - County,1257
2004,Washoe,RENO 321 (MP),1253
2004,Washoe,RENO 865 (MP),1250
2004,Clark,7318 - County,1240
2004,Washoe,SPARKS 691 (MP),1240
2004,Washoe,RENO 116 (MP),1218
2004,Washoe,RENO 771 (MP),1202
2004,Clark,4321 - LAS,1184
2004,Clark,6031 - LAS,1183
2004,Washoe,RENO 979 (MP),1174
2004,Washoe,RENO 403 (MP),1172
2004,Clark,7367 - County,1171
2004,Washoe,RENO 201 (MP),1166
2004,Washoe,SPARKS 631 (MP),1160
2004,Clark,4442 - County,1122
2004,Washoe,RENO 942 (MP),1110
2004,Clark,6525 - County,1080
2004,Clark,6315 - County,1078
2004,Washoe,GERLACH 805 (MP),1036
2004,Clark,4342 - LAS,1030
2004,Clark,3493 - County,983
2004,Clark,1050 - County,936
2004,Washoe,SPARKS 880 (MP),932
2004,Clark,5335 - County,919
2004,Clark,2428 - County,916
2004,Clark,3487 - County,916
2004,Washoe,RENO 460 (MP),912
2004,Clark,2348 - County,907
2004,Clark,1501 - HEN,897
2004,Washoe,VERDI 750 (MP),893
2004,Washoe,SPARKS 633 (MP),861
2004,Clark,1534 - County,855
2004,Washoe,SPARKS 774 (MP),838
2004,Clark,3477 - County,832
2004,Clark,1448 - County,798
2004,Clark,4432 - County,787
2004,Clark,4345 - LAS,762
2004,Clark,3543 - County,746
2004,Clark,7371 - LAS,745
2004,Clark,3446 - LAS,739
2004,Clark,3488 - County,721
2004,Clark,3511 - County,713
2004,Clark,3440 - County,695
2004,Clark,3533 - County,674
2004,Clark,4390 - NLV,667
2004,Washoe,VERDI 762 (MP),661
2004,Clark,4445 - County,657
2004,Washoe,RENO 912 (MP),651
2004,Clark,3512 - County,647
2004,Washoe,RENO 908 (MP),643
2004,Washoe,RENO 709 (MP),637
2004,Washoe,RENO 782 (MP),635
2004,Washoe,RENO 941 (MP),605
2004,Clark,1535 - County,599
2004,Clark,3302 - LAS,592
2004,Washoe,SPARKS 792 (MP),529
2004,Washoe,RENO 322 (MP),515
2004,Washoe,RENO 803 (MP),502
2004,Clark,1370 - County,501
2004,Clark,2106 - County,497
2004,Clark,1364 - County,487
2004,Washoe,RENO 939 (MP),476
2004,Clark,4340 - LAS,463
2004,Clark,3519 - County,458
2004,Lander,Gillman Springs 08,451
2004,Clark,2349 - LAS,449
2004,Washoe,RENO 327 (MP),440
2004,Washoe,SPARKS 733 (MP),432
2004,Clark,2415 - County,429
2004,Washoe,RENO 834 (MP),414
2004,Clark,3521 - County,404
2004,Clark,3523 - County,401
2004,Clark,3454 - LAS,393
2004,Clark,3310 - LAS,391
2004,Washoe,SPARKS 714 (MP),391
2004,Clark,2475 - MOA,387
2004,Washoe,RENO 752 (MP),340
2004,Washoe,RENO 760 (MP),340
2004,Washoe,FOC,314
2004,Washoe,RENO 704 (MP),313
2004,Clark,2472 - MOA,304
2004,Clark,7344 - HEN,292
2004,Washoe,RENO 946 (MP),270
2004,Washoe,SPARKS 745 (MP),258
2004,Clark,7077 - County,250
2004,Clark,9996 - County,233
2004,Washoe,SPARKS 836 (MP),216
2004,Nye,88,204
2004,Washoe,SPARKS 749 (MP),180
2004,Washoe,SPARKS 862 (MP),174
2004,Washoe,RENO 769 (MP),171
2004,Washoe,RENO 798 (MP),160
2004,Washoe,RENO 736 (MP),150
2004,Clark,3473 - County,100
2004,Clark,3432 - LAS,96
2004,Washoe,NO FIXED RES,93
2004,Clark,4404 - NLV,84
2004,Clark,9992 - Pro,72
2004,Clark,4395 - NLV,70
2004,Nye,99,61
2004,Clark,4405 - NLV,60
2004,Douglas,88,45
2004,Carson City,998,33
2004,Washoe,RENO 414 (MP),30
2004,Storey,88,11
2004,Carson City,999,0
2004,Churchill,88,0
2004,Churchill,99,0
2004,Clark,1070 - County,0
2004,Clark,1131 - HEN,0
2004,Clark,1132 - County,0
2004,Clark,1169- BOC,0
2004,Clark,1315 - County,0
2004,Clark,1359 - HEN,0
2004,Clark,1360 - County,0
2004,Clark,1362 - HEN,0
2004,Clark,1373 - County,0
2004,Clark,1471 - HEN,0
2004,Clark,1473 - HEN,0
2004,Clark,1474 - HEN,0
2004,Clark,1475 - County,0
2004,Clark,1502 - County,0
2004,Clark,1503 - County,0
2004,Clark,2050 - LAS,0
2004,Clark,2052 - LAS,0
2004,Clark,2324 - LAS,0
2004,Clark,2327 - LAS,0
2004,Clark,2328 - LAS,0
2004,Clark,2337 - County,0
2004,Clark,2338 - LAS,0
2004,Clark,2343 - County,0
2004,Clark,2344 - LAS,0
2004,Clark,2410 - NLV,0
2004,Clark,2421 - County,0
2004,Clark,2437 - County,0
2004,Clark,2438 - NLV,0
2004,Clark,2439 - NLV,0
2004,Clark,2442 - County,0
2004,Clark,2443 - County,0
2004,Clark,2450 - LAS,0
2004,Clark,3147 - County,0
2004,Clark,3235 - County,0
2004,Clark,3304 - County,0
2004,Clark,3305 - County,0
2004,Clark,3306 - County,0
2004,Clark,3308 - LAS,0
2004,Clark,3309 - LAS,0
2004,Clark,3436 - LAS,0
2004,Clark,3441 - County,0
2004,Clark,3459 - County,0
2004,Clark,3466 - LAS,0
2004,Clark,3479 - County,0
2004,Clark,3486 - LAS,0
2004,Clark,3492 - County,0
2004,Clark,3516 - County,0
2004,Clark,3517 - County,0
2004,Clark,3522 - County,0
2004,Clark,3524 - LAS,0
2004,Clark,3527 - LAS,0
2004,Clark,3528 - LAS,0
2004,Clark,3534 - County,0
2004,Clark,4322 - County,0
2004,Clark,4332 - LAS,0
2004,Clark,4421 - NLV,0
2004,Clark,4423 - NLV,0
2004,Clark,5310 - LAS,0
2004,Clark,5357 - County,0
2004,Clark,5366 - County,0
2004,Clark,5382 - County,0
2004,Clark,6301 - LAS,0
2004,Clark,6302 - LAS,0
2004,Clark,6303 - LAS,0
2004,Clark,6314 - LAS,0
2004,Clark,6316 - County,0
2004,Clark,6339 - LAS,0
2004,Clark,6402 - LAS,0
2004,Clark,6410 - County,0
2004,Clark,6511 - County,0
2004,Clark,7320 - County,0
2004,Clark,7348 - HEN,0
2004,Clark,7349 - HEN,0
2004,Clark,7350 - HEN,0
2004,Clark,7396 - HEN,0
2004,Clark,9994 - County,0
2004,Douglas,99,0
2004,Elko,88,0
2004,Elko,99,0
2004,Esmeralda,88,0
2004,Esmeralda,99,0
2004,Eureka,88,0
2004,Eureka,99,0
2004,Humboldt,88,0
2004,Humboldt,99,0
2004,Lander,88,0
2004,Lander,99,0
2004,Lincoln,88,0
2004,Lincoln,99,0
2004,Lyon,88,0
2004,Lyon,99,0
2004,Mineral,88,0
2004,Mineral,99,0
2004,Pershing,88,0
2004,Pershing,99,0
2004,Storey,99,0
2004,Washoe,GERLACH 823 (MP),0
2004,Washoe,GERLACH 849 (MP),0
2004,Washoe,GERLACH 903 (MP),0
2004,Washoe,INCLINE VILLAGE 738 (MP),0
2004,Washoe,INCLINE VILLAGE 740 (MP),0
2004,Washoe,INCLINE VILLAGE 785 (MP),0
2004,Washoe,INCLINE VILLAGE 881 (MP),0
2004,Washoe,INCLINE VILLAGE 970 (MP),0
2004,Washoe,RENO 104 (MP),0
2004,Washoe,RENO 111 (MP),0
2004,Washoe,RENO 114 (MP),0
2004,Washoe,RENO 144 (MP),0
2004,Washoe,RENO 145 (MP),0
2004,Washoe,RENO 146 (MP),0
2004,Washoe,RENO 149 (MP),0
2004,Washoe,RENO 205 (MP),0
2004,Washoe,RENO 217 (MP),0
2004,Washoe,RENO 218 (MP),0
2004,Washoe,RENO 244 (MP),0
2004,Washoe,RENO 246 (MP),0
2004,Washoe,RENO 247 (MP),0
2004,Washoe,RENO 248 (MP),0
2004,Washoe,RENO 249 (MP),0
2004,Washoe,RENO 253 (MP),0
2004,Washoe,RENO 303 (MP),0
2004,Washoe,RENO 305 (MP),0
2004,Washoe,RENO 308 (MP),0
2004,Washoe,RENO 311 (MP),0
2004,Washoe,RENO 318 (MP),0
2004,Washoe,RENO 356 (MP),0
2004,Washoe,RENO 357 (MP),0
2004,Washoe,RENO 415 (MP),0
2004,Washoe,RENO 431 (MP),0
2004,Washoe,RENO 502 (MP),0
2004,Washoe,RENO 538 (MP),0
2004,Washoe,RENO 711 (MP),0
2004,Washoe,RENO 715 (MP),0
2004,Washoe,RENO 716 (MP),0
2004,Washoe,RENO 717 (MP),0
2004,Washoe,RENO 751 (MP),0
2004,Washoe,RENO 755 (MP),0
2004,Washoe,RENO 757 (MP),0
2004,Washoe,RENO 761 (MP),0
2004,Washoe,RENO 763 (MP),0
2004,Washoe,RENO 764 (MP),0
2004,Washoe,RENO 765 (MP),0
2004,Washoe,RENO 767 (MP),0
2004,Washoe,RENO 772 (MP),0
2004,Washoe,RENO 777 (MP),0
2004,Washoe,RENO 779 (MP),0
2004,Washoe,RENO 783 (MP),0
2004,Washoe,RENO 797 (MP),0
2004,Washoe,RENO 822 (MP),0
2004,Washoe,RENO 824 (MP),0
2004,Washoe,RENO 827 (MP),0
2004,Washoe,RENO 828 (MP),0
2004,Washoe,RENO 829 (MP),0
2004,Washoe,RENO 833 (MP),0
2004,Washoe,RENO 835 (MP),0
2004,Washoe,RENO 864 (MP),0
2004,Washoe,RENO 875 (MP),0
2004,Washoe,RENO 882 (MP),0
2004,Washoe,RENO 883 (MP),0
2004,Washoe,RENO 887 (MP),0
2004,Washoe,RENO 889 (MP),0
2004,Washoe,RENO 901 (MP),0
2004,Washoe,RENO 904 (MP),0
2004,Washoe,RENO 907 (MP),0
2004,Washoe,RENO 914 (MP),0
2004,Washoe,RENO 915 (MP),0
2004,Washoe,RENO 920 (MP),0
2004,Washoe,RENO 961 (MP),0
2004,Washoe,RENO 962 (MP),0
2004,Washoe,RENO 966 (MP),0
2004,Washoe,RENO 972 (MP),0
2004,Washoe,RENO 973 (MP),0
2004,Washoe,RENO 974 (MP),0
2004,Washoe,RENO 975 (MP),0
2004,Washoe,RENO 977 (MP),0
2004,Washoe,RENO 980 (MP),0
2004,Washoe,RENO 981 (MP),0
2004,Washoe,RENO 982 (MP),0
2004,Washoe,RENO 983 (MP),0
2004,Washoe,RENO 984 (MP),0
2004,Washoe,RENO 986 (MP),0
2004,Washoe,RENO 987 (MP),0
2004,Washoe,RENO 988 (MP),0
2004,Washoe,RENO 989 (MP),0
2004,Washoe,RENO 990 (MP),0
2004,Washoe,RENO 991 (MP),0
2004,Washoe,RENO 992 (MP),0
2004,Washoe,SPARKS 607 (MP),0
2004,Washoe,SPARKS 608 (MP),0
2004,Washoe,SPARKS 626 (MP),0
2004,Washoe,SPARKS 634 (MP),0
2004,Washoe,SPARKS 656 (MP),0
2004,Washoe,SPARKS 681 (MP),0
2004,Washoe,SPARKS 706 (MP),0
2004,Washoe,SPARKS 743 (MP),0
2004,Washoe,SPARKS 766 (MP),0
2004,Washoe,SPARKS 773 (MP),0
2004,Washoe,SPARKS 775 (MP),0
2004,Washoe,SPARKS 776 (MP),0
2004,Washoe,SPARKS 778 (MP),0
2004,Washoe,SPARKS 793 (MP),0
2004,Washoe,SPARKS 799 (MP),0
2004,Washoe,SPARKS 800 (MP),0
2004,Washoe,SPARKS 820 (MP),0
2004,Washoe,SPARKS 860 (MP),0
2004,Washoe,SPARKS 866 (MP),0
2004,Washoe,SPARKS 876 (MP),0
2004,Washoe,SPARKS 884 (MP),0
2004,Washoe,SPARKS 886 (MP),0
2004,Washoe,SPARKS 888 (MP),0
2004,Washoe,SPARKS 891 (MP),0
2004,Washoe,SPARKS 892 (MP),0
2004,Washoe,SPARKS 895 (MP),0
2004,Washoe,SPARKS 924 (MP),0
2004,Washoe,SPARKS 926 (MP),0
2004,Washoe,SPARKS 948 (MP),0
2004,Washoe,SPARKS 949 (MP),0
2004,Washoe,SPARKS 950 (MP),0
2004,Washoe,SPARKS 951 (MP),0
2004,Washoe,SPARKS 952 (MP),0
2004,Washoe,SPARKS 965 (MP),0
2004,Washoe,SPARKS 985 (MP),0
2004,Washoe,VERDI 133 (MP),0
2004,Washoe,VERDI 147 (MP),0
2004,Washoe,VERDI 529 (MP),0
2004,Washoe,VERDI 541 (MP),0
2004,Washoe,VERDI 542 (MP),0
2004,Washoe,VERDI 543 (MP),0
2004,Washoe,VERDI 544 (MP),0
2004,Washoe,VERDI 545 (MP),0
2004,Washoe,VERDI 546 (MP),0
2004,Washoe,VERDI 768 (MP),0
2004,Washoe,VERDI 825 (MP),0
2004,Washoe,VERDI 919 (MP),0
2004,Washoe,VERDI 934 (MP),0
2004,Washoe,VERDI 943 (MP),0
2004,Washoe,WADSWORTH 869 (MP),0
2004,Washoe,WADSWORTH 896 (MP),0
2004,Washoe,WADSWORTH 911 (MP),0
2004,Washoe,WADSWORTH 925 (MP),0
2004,Washoe,WADSWORTH 955 (MP),0
2004,White Pine,88,0
2004,White Pine,99,0
2006,Clark,1522 - HEN,40702
2006,Clark,3412 - LAS,34620
2006,Clark,1523 - HEN,34589
2006,Clark,1073 - LGH,32916
2006,Clark,1512 - HEN,32588
2006,Clark,1003 - BOC,32518
2006,Clark,1355 - County,32456
2006,Clark,3505 - LAS,32036
2006,Clark,1310 - County,31268
2006,Clark,2365 - NLV,31077
2006,Carson City,311,30962
2006,Clark,1472 - HEN,30813
2006,Clark,3520 - LAS,30730
2006,Clark,3404 - LAS,30714
2006,Clark,3541 - LAS,29663
2006,Washoe,SPARKS 6409,29263
2006,Clark,3502 - LAS,29243
2006,Clark,6482 - County,28595
2006,Clark,5414 - County,28441
2006,Clark,6374 - LAS,28214
2006,Clark,7380 - County,28173
2006,Clark,2467 - MES,28099
2006,Clark,3214 - LAS,27998
2006,Clark,1451 - HEN,27900
2006,Clark,3462 - County,27822
2006,Clark,1515 - MES,27460
2006,Clark,5424 - County,27119
2006,Clark,1149 - HEN,26815
2006,Clark,6524 - County,26758
2006,Clark,1461 - HEN,26680
2006,Clark,1138 - County,26581
2006,Clark,7388 - County,26368
2006,Clark,1009 - BOC,26205
2006,Clark,1324 - County,26059
2006,Clark,3228 - LAS,26013
2006,Clark,3481 - LAS,25924
2006,Clark,1526 - HEN,25912
2006,Clark,3351 - LAS,25552
2006,Clark,7365 - HEN,25546
2006,Clark,1527 - HEN,25463
2006,Clark,3452 - LAS,25362
2006,Clark,3041 - LAS,25322
2006,Clark,1421 - HEN,25319
2006,Clark,6083 - County,25178
2006,Clark,2361 - NLV,25160
2006,Clark,1531 - MVA,25104
2006,Clark,1008 - BOC,25039
2006,Clark,2432 - County,25004
2006,Clark,1007 - BOC,24739
2006,Clark,5423 - County,24673
2006,Clark,6421 - County,24576
2006,Clark,3034 - LAS,24513
2006,Clark,3324 - County,24501
2006,Clark,1430 - HEN,24369
2006,Clark,3494 - LAS,24367
2006,Clark,1463 - HEN,24365
2006,Clark,3463 - LAS,24363
2006,Clark,1490 - HEN,24112
2006,Clark,1311 - County,24032
2006,Clark,3442 - LAS,23852
2006,Clark,3360 - LAS,23795
2006,Clark,3353 - LAS,23691
2006,Clark,1113 - HEN,23608
2006,Clark,1321 - County,23380
2006,Clark,2434 - County,23354
2006,Clark,1468 - HEN,23351
2006,Clark,1455 - HEN,23345
2006,Clark,1492 - HEN,23337
2006,Clark,3219 - LAS,23223
2006,Clark,1402 - HEN,23143
2006,Clark,3390 - LAS,23142
2006,Clark,1322 - County,22970
2006,Clark,1142 - County,22823
2006,Washoe,SPARKS 6420,22795
2006,Clark,3130 - LAS,22684
2006,Clark,3450 - LAS,22662
2006,Clark,3483 - LAS,22649
2006,Washoe,SPARKS 6407,22635
2006,Clark,3482 - LAS,22569
2006,Clark,2375 - NLV,22568
2006,Washoe,SPARKS 6515,22525
2006,Clark,3320 - LAS,22513
2006,Clark,3508 - LAS,22483
2006,Clark,1482 - HEN,22470
2006,Clark,3313 - County,22404
2006,Clark,7315 - County,22308
2006,Clark,1433 - HEN,22260
2006,Clark,6441 - County,22213
2006,Clark,3330 - County,22066
2006,Clark,3038 - LAS,21767
2006,Clark,6432 - County,21755
2006,Clark,7412 - HEN,21742
2006,Clark,6481 - County,21681
2006,Clark,7335 - County,21672
2006,Washoe,SPARKS 6312,21661
2006,Clark,3444 - County,21651
2006,Clark,2364 - NLV,21644
2006,Clark,7345 - HEN,21572
2006,Clark,3424 - LAS,21533
2006,Clark,1163 - HEN,21516
2006,Clark,7424 - County,21443
2006,Clark,1420 - HEN,21430
2006,Clark,2351 - LAS,21424
2006,Clark,3352 - LAS,21370
2006,Clark,7326 - County,21327
2006,Clark,3229 - LAS,21116
2006,Clark,2133 - County,21099
2006,Clark,7328 - County,21063
2006,Clark,2350 - LAS,20940
2006,Clark,7333 - County,20922
2006,Clark,1325 - County,20921
2006,Clark,2395 - NLV,20874
2006,Clark,3485 - LAS,20870
2006,Clark,7317 - County,20866
2006,Clark,3341 - LAS,20693
2006,Clark,1404 - HEN,20660
2006,Clark,1530 - BOC,20645
2006,Clark,1082 - HEN,20641
2006,Clark,5344 - County,20631
2006,Clark,3415 - LAS,20622
2006,Clark,7324 - County,20543
2006,Clark,7321 - County,20526
2006,Clark,6450 - County,20493
2006,Clark,1005 - BOC,20489
2006,Clark,6375 - LAS,20470
2006,Clark,1392 - HEN,20437
2006,Clark,2300 - LAS,20401
2006,Clark,1453 - HEN,20339
2006,Clark,1470 - HEN,20315
2006,Clark,5415 - County,20279
2006,Clark,2435 - County,20231
2006,Clark,1323 - County,20188
2006,Clark,1002 - BOC,20125
2006,Clark,5432 - County,20107
2006,Clark,7386 - County,20107
2006,Clark,3042 - LAS,20054
2006,Clark,3472 - LAS,20019
2006,Clark,3443 - LAS,20012
2006,Clark,7005 - HEN,19887
2006,Clark,6380 - LAS,19862
2006,Clark,1001 - BOC,19808
2006,Clark,1010 - BOC,19804
2006,Clark,1480 - HEN,19778
2006,Clark,3350 - LAS,19723
2006,Clark,6534 - County,19656
2006,Clark,1316 - County,19609
2006,Clark,7423 - County,19552
2006,Clark,6069 - County,19462
2006,Washoe,RENO-VERDI 5038,19460
2006,Clark,2448 - NLV,19443
2006,Clark,1494 - HEN,19418
2006,Clark,5421 - County,19387
2006,Clark,3495 - LAS,19327
2006,Clark,3362 - LAS,19295
2006,Clark,7374 - County,19274
2006,Clark,1456 - HEN,19239
2006,Washoe,SPARKS 7411,19232
2006,Clark,1108 - HEN,19145
2006,Clark,3510 - LAS,19144
2006,Clark,1424 - HEN,19118
2006,Washoe,RENO-VERDI 5004,19068
2006,Clark,1006 - BOC,19054
2006,Clark,1484 - HEN,18986
2006,Clark,7314 - County,18975
2006,Clark,7086 - County,18962
2006,Clark,1127 - HEN,18960
2006,Clark,6433 - County,18922
2006,Clark,3127 - LAS,18863
2006,Clark,5351 - LAS,18825
2006,Clark,6396 - LAS,18808
2006,Clark,3332 - County,18805
2006,Clark,3323 - LAS,18798
2006,Clark,1465 - HEN,18754
2006,Washoe,SPARKS 6502,18742
2006,Washoe,RENO-VERDI 1028,18740
2006,Clark,3321 - LAS,18728
2006,Clark,6343 - LAS,18728
2006,Clark,5322 - County,18711
2006,Clark,7052 - County,18687
2006,Clark,1435 - HEN,18610
2006,Clark,3549 - LAS,18590
2006,Clark,5355 - County,18590
2006,Clark,1449 - County,18529
2006,Clark,7375 - County,18521
2006,Clark,6350 - LAS,18507
2006,Clark,2346 - LAS,18461
2006,Clark,3461 - County,18425
2006,Clark,3550 - LAS,18297
2006,Clark,2312 - LAS,18250
2006,Clark,1317 - County,18242
2006,Clark,6523 - County,18234
2006,Clark,6444 - County,18208
2006,Clark,2374 - NLV,18041
2006,Clark,3548 - LAS,18015
2006,Clark,3225 - LAS,17996
2006,Clark,3500 - LAS,17974
2006,Clark,3491 - LAS,17971
2006,Clark,6451 - County,17962
2006,Clark,4424 - County,17940
2006,Clark,7033 - County,17859
2006,Clark,1481 - HEN,17823
2006,Clark,6460 - County,17813
2006,Clark,1405 - HEN,17746
2006,Clark,3423 - LAS,17742
2006,Clark,1452 - HEN,17728
2006,Clark,7342 - HEN,17704
2006,Clark,6454 - County,17700
2006,Clark,5422 - County,17665
2006,Clark,2311 - LAS,17628
2006,Clark,1445 - HEN,17611
2006,Clark,3344 - LAS,17566
2006,Clark,6464 - County,17441
2006,Clark,5320 - LAS,17408
2006,Clark,5304 - County,17328
2006,Clark,4301 - NLV,17321
2006,Clark,6079 - County,17302
2006,Clark,3227 - LAS,17301
2006,Clark,7404 - HEN,17274
2006,Clark,7377 - County,17267
2006,Clark,1493 - HEN,17244
2006,Clark,3334 - County,17244
2006,Clark,7046 - County,17232
2006,Clark,7083 - County,17220
2006,Clark,2451 - LAS,17106
2006,Clark,6013 - LAS,17028
2006,Clark,3090 - LAS,16956
2006,Clark,1116 - HEN,16945
2006,Clark,3420 - LAS,16940
2006,Clark,5024 - County,16929
2006,Clark,6355 - LAS,16810
2006,Clark,1423 - HEN,16773
2006,Clark,4330 - LAS,16655
2006,Clark,3530 - LAS,16636
2006,Clark,3337 - County,16612
2006,Clark,6455 - County,16604
2006,Clark,3445 - County,16596
2006,Clark,3220 - LAS,16566
2006,Clark,1313 - County,16562
2006,Clark,6363 - LAS,16556
2006,Clark,1124 - HEN,16501
2006,Clark,2454 - LAS,16484
2006,Clark,6354 - LAS,16468
2006,Clark,1442 - HEN,16452
2006,Washoe,SPARKS 6517,16420
2006,Clark,6073 - County,16395
2006,Clark,2362 - NLV,16372
2006,Clark,2342 - LAS,16353
2006,Clark,3035 - LAS,16326
2006,Clark,4325 - LAS,16305
2006,Clark,7394 - HEN,16289
2006,Clark,6401 - LAS,16280
2006,Clark,1440 - HEN,16237
2006,Clark,3501 - LAS,16236
2006,Clark,1454 - HEN,16226
2006,Clark,7036 - County,16225
2006,Clark,5031 - County,16221
2006,Clark,4311 - NLV,16143
2006,Clark,1401 - HEN,16087
2006,Clark,2482 - NLV,16076
2006,Washoe,RENO-VERDI 5044,16041
2006,Washoe,SPARKS 6201,16019
2006,Clark,5416 - County,15985
2006,Clark,6332 - LAS,15954
2006,Clark,3401 - LAS,15952
2006,Clark,1467 - HEN,15928
2006,Clark,2460 - LAS,15846
2006,Clark,2305 - LAS,15814
2006,Clark,6360 - LAS,15808
2006,Clark,5325 - County,15800
2006,Clark,2310 - LAS,15762
2006,Clark,1524 - HEN,15751
2006,Clark,3509 - LAS,15734
2006,Clark,2314 - LAS,15681
2006,Clark,3449 - County,15599
2006,Clark,3322 - LAS,15563
2006,Clark,2301 - LAS,15559
2006,Clark,5353 - County,15554
2006,Clark,5387 - County,15548
2006,Clark,5352 - LAS,15542
2006,Clark,3335 - County,15537
2006,Clark,6404 - County,15531
2006,Clark,3129 - LAS,15454
2006,Clark,3333 - County,15446
2006,Clark,6452 - County,15434
2006,Clark,1078 - HEN,15428
2006,Lyon,Fernely 12,15278
2006,Clark,3470 - LAS,15268
2006,Clark,6300 - LAS,15204
2006,Clark,7330 - County,15185
2006,Clark,1516 - MES,15160
2006,Clark,5374 - County,15138
2006,Clark,5411 - County,15066
2006,Washoe,RENO-VERDI 5002,15058
2006,Clark,7392 - HEN,15006
2006,Clark,1532 - MVA,14916
2006,Clark,7393 - HEN,14902
2006,Clark,2306 - LAS,14887
2006,Clark,6510 - County,14868
2006,Clark,6403 - LAS,14818
2006,Clark,3342 - LAS,14799
2006,Clark,6305 - LAS,14793
2006,Clark,2325 - LAS,14790
2006,Clark,3471 - LAS,14738
2006,Clark,5035 - County,14709
2006,Clark,5385 - LAS,14706
2006,Washoe,SPARKS 6504,14642
2006,Clark,6323 - LAS,14628
2006,Clark,4365 - LAS,14491
2006,Clark,7303 - County,14431
2006,Clark,2404 - NLV,14430
2006,Clark,4416 - NLV,14353
2006,Clark,6352 - LAS,14282
2006,Clark,3089 - LAS,14238
2006,Clark,6465 - County,14222
2006,Clark,6461 - County,14221
2006,Clark,1450 - HEN,14208
2006,Clark,1400 - HEN,14117
2006,Washoe,SPARKS 6305,14111
2006,Clark,6445 - County,14097
2006,Clark,6472 - County,14080
2006,Clark,3514 - LAS,14078
2006,Clark,6344 - LAS,14043
2006,Clark,4466 - LAS,13980
2006,Clark,7331 - County,13921
2006,Clark,7343 - HEN,13898
2006,Clark,2424 - NLV,13833
2006,Clark,4430 - County,13826
2006,Clark,5016 - County,13824
2006,Clark,1443 - HEN,13803
2006,Clark,6342 - LAS,13756
2006,Clark,3403 - LAS,13715
2006,Clark,1300 - County,13538
2006,Clark,6334 - LAS,13498
2006,Clark,7061 - County,13494
2006,Clark,2363 - NLV,13464
2006,Clark,2431 - County,13461
2006,Clark,2439 - NLV,13375
2006,Clark,7382 - County,13314
2006,Clark,3355 - LAS,13301
2006,Clark,6361 - LAS,13293
2006,Clark,3469 - LAS,13274
2006,Clark,1350 - County,13139
2006,Clark,7421 - HEN,13066
2006,Clark,4380 - LAS,13064
2006,Washoe,SPARKS 6402,13051
2006,Clark,6071 - County,13046
2006,Clark,3556 - LAS,13041
2006,Clark,3484 - County,13031
2006,Clark,6442 - County,12986
2006,Clark,7313 - County,12982
2006,Clark,2461 - LAS,12886
2006,Clark,6325 - LAS,12855
2006,Washoe,RENO-VERDI 4001,12821
2006,Washoe,RENO-VERDI 4034,12816
2006,Clark,6420 - County,12801
2006,Clark,3326 - LAS,12765
2006,Carson City,213,12708
2006,Clark,7425 - County,12671
2006,Clark,7302 - County,12557
2006,Clark,3340 - LAS,12538
2006,Clark,3434 - LAS,12522
2006,Clark,1444 - HEN,12494
2006,Clark,4360 - LAS,12492
2006,Clark,5315 - LAS,12446
2006,Clark,1422 - HEN,12411
2006,Clark,3506 - LAS,12367
2006,Clark,2453 - LAS,12357
2006,Clark,4460 - LAS,12340
2006,Clark,5354 - County,12315
2006,Clark,1357 - County,12303
2006,Clark,3507 - LAS,12258
2006,Clark,6476 - County,12256
2006,Clark,2455 - LAS,12231
2006,Washoe,SPARKS 7535,12179
2006,Clark,5361 - County,12128
2006,Clark,6310 - LAS,12023
2006,Clark,3422 - LAS,12016
2006,Clark,6453 - County,12009
2006,Clark,2433 - County,11903
2006,Clark,4468 - LAS,11875
2006,Clark,4385 - LAS,11810
2006,Clark,1425 - HEN,11758
2006,Clark,1441 - HEN,11740
2006,Clark,6067 - County,11732
2006,Clark,3345 - LAS,11710
2006,Lyon,Fernely 14,11702
2006,Clark,4320 - LAS,11674
2006,Washoe,RENO-VERDI 7311,11660
2006,Clark,1305 - County,11649
2006,Clark,2422 - County,11614
2006,Clark,4376 - LAS,11569
2006,Clark,5392 - County,11558
2006,Clark,3331 - County,11530
2006,Clark,6074 - County,11513
2006,Clark,3343 - LAS,11501
2006,Clark,5401 - County,11456
2006,Clark,3312 - LAS,11440
2006,Clark,7376 - County,11431
2006,Clark,5383 - LAS,11428
2006,Clark,1112 - HEN,11420
2006,Clark,6392 - LAS,11405
2006,Clark,4371 - LAS,11403
2006,Clark,1413 - County,11364
2006,Clark,1017 - BUN,11358
2006,Clark,4347 - LAS,11299
2006,Clark,2302 - LAS,11277
2006,Clark,7420 - HEN,11249
2006,Clark,1004 - BOC,11241
2006,Clark,3525 - LAS,11162
2006,Lyon,Fernely 11,11127
2006,Clark,5380 - County,11110
2006,Clark,1312 - County,11089
2006,Clark,6311 - LAS,11084
2006,Clark,5365 - County,11064
2006,Clark,1460 - HEN,11018
2006,Clark,6414 - County,10945
2006,Clark,2425 - NLV,10933
2006,Clark,6394 - LAS,10916
2006,Clark,5336 - County,10913
2006,Clark,1469 - HEN,10879
2006,Clark,1165 - HEN,10878
2006,Clark,7363 - HEN,10846
2006,Clark,7060 - County,10842
2006,Clark,5386 - County,10799
2006,Clark,7304 - County,10772
2006,Clark,3384 - LAS,10739
2006,Clark,3526 - LAS,10674
2006,Clark,5371 - County,10658
2006,Clark,5363 - County,10590
2006,Clark,6373 - LAS,10500
2006,Clark,3421 - LAS,10439
2006,Clark,7301 - County,10382
2006,Clark,7038 - County,10350
2006,Washoe,SPARKS 6200,10335
2006,Clark,3490 - LAS,10334
2006,Clark,7346 - HEN,10280
2006,Clark,5381 - County,10258
2006,Clark,3504 - County,10226
2006,Clark,6491 - County,10199
2006,Clark,2426 - NLV,10190
2006,Clark,6391 - LAS,10190
2006,Clark,6340 - LAS,10053
2006,Washoe,RENO-VERDI 1042,10027
2006,Clark,7308 - County,9987
2006,Clark,2420 - County,9919
2006,Clark,7071 - County,9908
2006,Clark,4464 - LAS,9886
2006,Clark,7300 - County,9801
2006,Clark,3120 - LAS,9793
2006,Clark,2413 - County,9776
2006,Clark,1301 - County,9750
2006,Clark,7391 - County,9719
2006,Clark,1060 - County,9643
2006,Clark,4312 - NLV,9634
2006,Washoe,SPARKS 6419,9632
2006,Clark,2322 - LAS,9603
2006,Clark,7381 - County,9597
2006,Clark,5360 - County,9571
2006,Clark,3536 - County,9472
2006,Clark,4374 - LAS,9434
2006,Clark,2418 - County,9401
2006,Clark,1434 - HEN,9396
2006,Clark,5340 - County,9350
2006,Clark,5305 - County,9338
2006,Clark,6425 - County,9337
2006,Clark,6443 - County,9315
2006,Clark,7309 - County,9293
2006,Clark,6341 - LAS,9278
2006,Clark,1462 - HEN,9270
2006,Clark,6351 - LAS,9230
2006,Clark,7390 - County,9142
2006,Clark,6480 - County,9107
2006,Clark,1109 - HEN,9104
2006,Clark,3394 - LAS,9076
2006,Clark,2321 - LAS,9075
2006,Clark,6034 - LAS,9059
2006,Washoe,SPARKS 6506,9011
2006,Clark,3402 - LAS,8994
2006,Clark,2452 - LAS,8948
2006,Clark,2048 - LAS,8921
2006,Clark,6393 - LAS,8895
2006,Clark,1314 - County,8864
2006,Clark,6333 - LAS,8781
2006,Clark,5075 - County,8731
2006,Clark,7340 - County,8713
2006,Clark,5364 - County,8685
2006,Clark,6304 - County,8670
2006,Clark,7385 - County,8670
2006,Clark,2345 - LAS,8587
2006,Washoe,SPARKS 6509,8556
2006,Clark,5373 - County,8488
2006,Clark,7323 - County,8475
2006,Washoe,RENO-VERDI 5025,8459
2006,Clark,7370 - LAS,8451
2006,Clark,2047 - LAS,8375
2006,Clark,5370 - County,8322
2006,Clark,5303 - County,8308
2006,Clark,2412 - County,8269
2006,Clark,6462 - County,8253
2006,Clark,6382 - LAS,8213
2006,Clark,4383 - LAS,8209
2006,Clark,3314 - County,8171
2006,Clark,1123 - HEN,8149
2006,Clark,3336 - County,8124
2006,Clark,3400 - LAS,8097
2006,Clark,1500 - HEN,8082
2006,Clark,1466 - HEN,8066
2006,Clark,6381 - LAS,7991
2006,Washoe,SPARKS 6505,7965
2006,Washoe,RENO-VERDI 2003,7892
2006,Clark,4031 - LAS,7886
2006,Clark,6430 - County,7835
2006,Clark,3396 - LAS,7789
2006,Clark,2332 - LAS,7740
2006,Clark,4355 - LAS,7725
2006,Clark,2333 - LAS,7696
2006,Clark,5300 - LAS,7659
2006,Clark,3311 - LAS,7588
2006,Clark,4375 - LAS,7585
2006,Clark,3531 - County,7550
2006,Clark,7319 - County,7394
2006,Nye,TONOPAH 17,7366
2006,Clark,4370 - LAS,7304
2006,Clark,7364 - HEN,7205
2006,Clark,1432 - HEN,7172
2006,Clark,3315 - County,7140
2006,Clark,6532 - County,7135
2006,Clark,4425 - County,7106
2006,Clark,4410 - NLV,7065
2006,Washoe,RENO-VERDI 4044,7031
2006,Clark,2414 - County,6965
2006,Clark,6370 - LAS,6916
2006,Clark,3303 - County,6859
2006,Clark,6400 - LAS,6819
2006,Clark,5334 - County,6817
2006,Clark,3325 - County,6782
2006,Clark,3425 - LAS,6738
2006,Clark,5402 - County,6730
2006,Clark,1393 - HEN,6727
2006,Clark,4396 - NLV,6691
2006,Washoe,RENO-VERDI 4004,6683
2006,Clark,4417 - NLV,6659
2006,Clark,7316 - County,6624
2006,Clark,6483 - County,6593
2006,Clark,2462 - LAS,6411
2006,Washoe,RENO-VERDI 2008,6246
2006,Clark,4364 - LAS,6232
2006,Clark,4343 - LAS,6216
2006,Clark,7384 - County,6204
2006,Clark,6516 - County,6199
2006,Clark,1403 - HEN,6178
2006,Washoe,RENO-VERDI 2055 (MP),6116
2006,Clark,1412 - County,6107
2006,Clark,5343 - County,6033
2006,Clark,2307 - LAS,5893
2006,Clark,6385 - LAS,5700
2006,Clark,4403 - NLV,5684
2006,Clark,6372 - LAS,5655
2006,Clark,7070 - County,5625
2006,Clark,7383 - County,5613
2006,Clark,6390 - LAS,5599
2006,Clark,6413 - County,5568
2006,Washoe,RENO-VERDI 5029,5441
2006,Clark,4394 - NLV,5418
2006,Clark,2313 - LAS,5409
2006,Clark,7325 - County,5399
2006,Clark,4443 - County,5390
2006,Washoe,RENO-VERDI 2028 (MP),5386
2006,Clark,4465 - LAS,5383
2006,Clark,4356 - LAS,5339
2006,Clark,4455 - LAS,5301
2006,Clark,6473 - County,5273
2006,Washoe,RENO-VERDI 2005,5272
2006,Clark,2122 - County,5259
2006,Clark,3300 - County,5254
2006,Clark,4441 - County,5229
2006,Clark,4414 - NLV,5207
2006,Clark,3186 - County,5186
2006,Washoe,RENO-VERDI 7310,5156
2006,Clark,5342 - County,5152
2006,Clark,2370 - NLV,5105
2006,Clark,4426 - County,5081
2006,Clark,2355 - LAS,5040
2006,Clark,4436 - County,4979
2006,Clark,6312 - LAS,4978
2006,Clark,2334 - County,4937
2006,Clark,6320 - LAS,4884
2006,Clark,6485 - County,4838
2006,Washoe,SPARKS 7515,4811
2006,Clark,6365 - LAS,4758
2006,Nye,TONOPAH 16,4747
2006,Washoe,RENO-VERDI 1037,4736
2006,Washoe,RENO-VERDI 8215 (MP),4735
2006,Clark,6068 - County,4728
2006,Clark,5362 - County,4704
2006,Clark,1416 - HEN,4678
2006,Clark,5391 - County,4592
2006,Washoe,RENO-VERDI 7544,4575
2006,Washoe,SPARKS 7500 (MP),4564
2006,Washoe,RENO-VERDI 8502 (MP),4553
2006,Clark,4348 - LAS,4536
2006,Clark,7305 - County,4519
2006,Clark,7373 - LAS,4519
2006,Clark,5313 - LAS,4438
2006,Clark,3453 - LAS,4429
2006,Clark,3301 - LAS,4372
2006,Washoe,RENO-VERDI 5021,4242
2006,Clark,6353 - LAS,4240
2006,Clark,5302 - County,4229
2006,Washoe,RENO-VERDI 4030 (MP),4212
2006,Clark,4451 - LAS,4201
2006,Clark,2470 - MOA,4140
2006,Clark,5321 - County,4128
2006,Clark,4353 - LAS,4096
2006,Clark,4452 - LAS,4089
2006,Washoe,RENO-VERDI 7552 (MP),4050
2006,Clark,4433 - County,4036
2006,Washoe,RENO-VERDI 4024 (MP),4007
2006,Clark,6383 - LAS,3968
2006,Clark,6364 - LAS,3935
2006,Washoe,SPARKS 6204 (MP),3901
2006,Clark,1464 - HEN,3875
2006,Clark,2471 - MOA,3841
2006,Clark,4300 - NLV,3822
2006,Clark,6324 - County,3819
2006,Washoe,RENO-VERDI 8262 (MP),3781
2006,Washoe,SPARKS 7401(MP),3750
2006,Clark,4440 - County,3745
2006,Clark,2427 - County,3710
2006,Clark,4393 - NLV,3669
2006,Clark,4412 - NLV,3630
2006,Washoe,SPARKS 6518 (MP),3584
2006,Clark,1491 - HEN,3573
2006,Clark,2339 - County,3522
2006,Clark,2331 - LAS,3476
2006,Clark,6384 - LAS,3474
2006,Clark,3411 - LAS,3416
2006,Washoe,RENO-VERDI 7301 (MP),3410
2006,Clark,5314 - County,3291
2006,Clark,5316 - LAS,3286
2006,Washoe,RENO-VERDI 4023 (MP),3285
2006,Clark,6330 - LAS,3275
2006,Washoe,SPARKS 7512 (MP),3268
2006,Clark,3316 - County,3251
2006,Clark,2104 - County,3239
2006,Washoe,RENO-VERDI 2052 (MP),3237
2006,Washoe,RENO-VERDI 5013 (MP),3166
2006,Clark,4351 - LAS,3156
2006,Clark,7362 - HEN,3144
2006,Clark,4372 - LAS,3103
2006,Clark,4413 - NLV,3087
2006,Washoe,RENO-VERDI 4013 (MP),3060
2006,Washoe,RENO-VERDI 2014 (MP),3015
2006,Washoe,RENO-VERDI 2006 (MP),3000
2006,Washoe,SPARKS 7433 (MP),2998
2006,Washoe,SPARKS 7409 (MP),2991
2006,Washoe,RENO-VERDI 8214 (MP),2970
2006,Clark,3555 - County,2960
2006,Clark,2341 - LAS,2957
2006,Clark,4350 - LAS,2890
2006,Clark,4324 - LAS,2887
2006,Clark,1476 - HEN,2860
2006,Clark,6474 - County,2838
2006,Clark,4392 - NLV,2828
2006,Washoe,SPARKS 6107 (MP),2828
2006,Washoe,RENO-VERDI 1046 (MP),2818
2006,Washoe,RENO-VERDI 8235 (MP),2792
2006,Clark,2323 - LAS,2791
2006,Washoe,RENO-VERDI 1041 (MP),2768
2006,Clark,3480 - County,2763
2006,Washoe,RENO-VERDI 8248 (MP),2760
2006,Washoe,SPARKS 6102 (MP),2727
2006,Washoe,RENO-VERDI 4006 (MP),2715
2006,Clark,4361 - LAS,2679
2006,Clark,2336 - County,2630
2006,Washoe,RENO-VERDI 7537 (MP),2612
2006,Clark,6331 - LAS,2553
2006,Clark,3497 - County,2519
2006,Clark,4341 - LAS,2499
2006,Clark,4422 - NLV,2480
2006,Clark,4331 - LAS,2462
2006,Washoe,RENO-VERDI 7300 (MP),2454
2006,Clark,4302 - NLV,2450
2006,Clark,4431 - County,2433
2006,Clark,4420 - NLV,2382
2006,Clark,6423 - County,2379
2006,Clark,6321 - County,2353
2006,Washoe,SPARKS 6101 (MP),2331
2006,Clark,4402 - NLV,2312
2006,Washoe,RENO-VERDI 8234 (MP),2295
2006,Clark,5331 - County,2294
2006,Clark,4382 - LAS,2288
2006,Washoe,RENO-VERDI 8247 (MP),2276
2006,Clark,4462 - LAS,2232
2006,Clark,2347 - County,2203
2006,Clark,4022 - NLV,2188
2006,Washoe,RENO-VERDI 3033 (MP),2117
2006,Clark,4444 - County,2045
2006,Washoe,SPARKS 6301 (MP),2026
2006,Clark,4386 - LAS,2018
2006,Clark,4397 - NLV,1981
2006,Washoe,RENO-VERDI 8241 (MP),1974
2006,Clark,4427 - County,1936
2006,Washoe,RENO-VERDI 5020 (MP),1914
2006,Washoe,RENO-VERDI 7508 (MP),1873
2006,Washoe,RENO-VERDI 7507 (MP),1845
2006,Clark,3515 - County,1836
2006,Washoe,RENO-VERDI 2001 (MP),1804
2006,Clark,4411 - NLV,1788
2006,Clark,1501 - HEN,1775
2006,Clark,6335 - County,1736
2006,Washoe,GER-WADS 7423 (MP),1734
2006,Clark,5341 - County,1698
2006,Clark,4352 - LAS,1690
2006,Clark,4373 - LAS,1659
2006,Clark,4323 - County,1654
2006,Clark,4050 - LAS,1652
2006,Washoe,RENO-VERDI 4022 (MP),1650
2006,Clark,2320 - County,1646
2006,Clark,3354 - LAS,1631
2006,Clark,6031 - LAS,1602
2006,Clark,2326 - LAS,1561
2006,Clark,2340 - County,1549
2006,Clark,4035 - LAS,1545
2006,Washoe,RENO-VERDI 8213 (MP),1545
2006,Clark,7310 - County,1527
2006,Washoe,RENO-VERDI 7539 (MP),1512
2006,Clark,4391 - NLV,1500
2006,Washoe,RENO-VERDI 8244 (MP),1439
2006,Washoe,RENO-VERDI 5007 (MP),1425
2006,Washoe,RENO-VERDI 7553 (MP),1418
2006,Washoe,RENO-VERDI 4010 (MP),1412
2006,Clark,7372 - LAS,1385
2006,Washoe,SPARKS 7306 (MP),1381
2006,Washoe,RENO-VERDI 4011 (MP),1378
2006,Washoe,SPARKS 6510 (MP),1364
2006,Washoe,SPARKS 7404 (MP),1354
2006,Clark,6038 - County,1333
2006,Clark,5312 - LAS,1324
2006,Washoe,RENO-VERDI 4005 (MP),1306
2006,Washoe,RENO-VERDI 8240 (MP),1290
2006,Washoe,RENO-VERDI 4045 (MP),1274
2006,Clark,4453 - LAS,1264
2006,Washoe,RENO-VERDI 2000 (MP),1258
2006,Clark,7367 - County,1240
2006,Washoe,RENO-VERDI 2056 (MP),1237
2006,Washoe,RENO-VERDI 8500 (MP),1227
2006,Washoe,RENO-VERDI 1019 (MP),1213
2006,Washoe,RENO-VERDI 8112 (MP),1203
2006,Clark,6371 - LAS,1195
2006,Clark,3493 - County,1138
2006,Clark,4321 - LAS,1120
2006,Clark,4435 - County,1116
2006,Clark,6315 - County,1116
2006,Clark,3487 - County,1111
2006,Clark,5301 - County,1108
2006,Washoe,RENO-VERDI 4003 (MP),1107
2006,Clark,6525 - County,1102
2006,Washoe,RENO-VERDI 3014 (MP),1090
2006,Washoe,SPARKS 7554 (MP),1071
2006,Clark,4442 - County,1002
2006,Clark,2335 - County,998
2006,Clark,2423 - County,965
2006,Clark,5306 - County,953
2006,Washoe,RENO-VERDI 8232 (MP),953
2006,Clark,6411 - County,941
2006,Clark,4344 - LAS,934
2006,Washoe,RENO-VERDI 4002 (MP),912
2006,Clark,4401 - NLV,902
2006,Clark,3512 - County,901
2006,Clark,2416 - County,891
2006,Clark,1535 - County,885
2006,Clark,4342 - LAS,883
2006,Clark,7350 - HEN,882
2006,Clark,3488 - County,873
2006,Clark,5335 - County,846
2006,Clark,3454 - LAS,842
2006,Clark,3543 - County,834
2006,Clark,4450 - LAS,834
2006,Washoe,RENO-VERDI 7548 (MP),829
2006,Clark,3511 - County,817
2006,Washoe,RENO-VERDI 8252 (MP),806
2006,Clark,3446 - LAS,803
2006,Clark,2348 - County,796
2006,Washoe,RENO-VERDI 8102 (MP),796
2006,Clark,4363 - LAS,776
2006,Clark,4019 - NLV,769
2006,Clark,1457 - County,763
2006,Clark,4445 - County,762
2006,Clark,1050 - BOC,761
2006,Clark,3459 - County,761
2006,Clark,4345 - LAS,740
2006,Washoe,RENO-VERDI 8242 (MP),740
2006,Washoe,RENO-VERDI 4046 (MP),736
2006,Clark,6322 - LAS,732
2006,Washoe,SPARKS 6412 (MP),725
2006,Washoe,RENO-VERDI 8118 (MP),705
2006,Clark,3477 - County,689
2006,Washoe,RENO-VERDI 8114 (MP),677
2006,Clark,1306 - County,676
2006,Clark,1448 - County,674
2006,Clark,2428 - County,646
2006,Clark,3440 - County,641
2006,Washoe,RENO-VERDI 7516 (MP),641
2006,Clark,7371 - LAS,632
2006,Washoe,SPARKS 7308 (MP),631
2006,Clark,1534 - County,597
2006,Clark,3519 - County,587
2006,Clark,4432 - County,568
2006,Washoe,RENO-VERDI 8260 (MP),537
2006,Lander,Gillman Springs 08,522
2006,Washoe,RENO-VERDI 8223 (MP),511
2006,Clark,3523 - County,507
2006,Washoe,RENO-VERDI 8249 (MP),497
2006,Washoe,RENO-VERDI 7303 (MP),488
2006,Clark,3302 - LAS,485
2006,Clark,7307 - County,474
2006,Clark,2106 - County,461
2006,Washoe,RENO-VERDI 8230 (MP),453
2006,Clark,3432 - LAS,442
2006,Washoe,RENO-VERDI 8228 (MP),442
2006,Washoe,SPARKS 7400 (MP),428
2006,Washoe,RENO-VERDI 8120 (MP),424
2006,Washoe,RENO-VERDI 7307 (MP),423
2006,Washoe,SPARKS 7503 (MP),421
2006,Washoe,RENO-VERDI 7511 (MP),411
2006,Clark,3533 - County,376
2006,Washoe,RENO-VERDI 8251 (MP),376
2006,Washoe,SPARKS 7419 (MP),374
2006,Clark,2415 - County,370
2006,Washoe,RENO-VERDI 3015 (MP),369
2006,Washoe,RENO-VERDI 8226 (MP),307
2006,Washoe,SPARKS 7403 (MP),234
2006,Clark,3521 - County,226
2006,Clark,9993 - PRO,217
2006,Washoe,RENO-VERDI 2012 (MP),206
2006,Washoe,RENO-VERDI 3021 (MP),199
2006,Clark,7077 - County,171
2006,Washoe,SPARKS 7426 (MP),150
2006,Clark,9991 - PRO,137
2006,Clark,4340 - LAS,120
2006,Washoe,RENO-VERDI 8101 (MP),100
2006,Washoe,FOC,81
2006,Carson City,999,0
2006,Churchill,99,0
2006,Clark,1070 - County,0
2006,Clark,1131 - HEN,0
2006,Clark,1132 - County,0
2006,Clark,1169- BOC,0
2006,Clark,1315 - County,0
2006,Clark,1358 - HEN,0
2006,Clark,1360 - County,0
2006,Clark,1362 - HEN,0
2006,Clark,1364 - County,0
2006,Clark,1366 - County,0
2006,Clark,1370 - County,0
2006,Clark,1373 - County,0
2006,Clark,1471 - HEN,0
2006,Clark,1474 - HEN,0
2006,Clark,1475 - County,0
2006,Clark,1486 - HEN,0
2006,Clark,1502 - County,0
2006,Clark,1503 - County,0
2006,Clark,2050 - LAS,0
2006,Clark,2052 - LAS,0
2006,Clark,2324 - LAS,0
2006,Clark,2327 - LAS,0
2006,Clark,2328 - LAS,0
2006,Clark,2329 - LAS,0
2006,Clark,2337 - County,0
2006,Clark,2338 - LAS,0
2006,Clark,2343 - County,0
2006,Clark,2344 - LAS,0
2006,Clark,2349 - LAS,0
2006,Clark,2410 - NLV,0
2006,Clark,2421 - County,0
2006,Clark,2437 - County,0
2006,Clark,2438 - NLV,0
2006,Clark,2442 - County,0
2006,Clark,2443 - County,0
2006,Clark,2450 - LAS,0
2006,Clark,2472 - MOA,0
2006,Clark,2475 - MOA,0
2006,Clark,3147 - County,0
2006,Clark,3304 - County,0
2006,Clark,3305 - County,0
2006,Clark,3306 - County,0
2006,Clark,3308 - LAS,0
2006,Clark,3309 - LAS,0
2006,Clark,3310 - LAS,0
2006,Clark,3436 - LAS,0
2006,Clark,3441 - County,0
2006,Clark,3466 - LAS,0
2006,Clark,3473 - County,0
2006,Clark,3479 - County,0
2006,Clark,3486 - LAS,0
2006,Clark,3492 - County,0
2006,Clark,3498 - LAS,0
2006,Clark,3499 - County,0
2006,Clark,3516 - County,0
2006,Clark,3522 - County,0
2006,Clark,3524 - LAS,0
2006,Clark,3527 - LAS,0
2006,Clark,3528 - LAS,0
2006,Clark,3529 - LAS,0
2006,Clark,3534 - County,0
2006,Clark,3551 - LAS,0
2006,Clark,3554 - County,0
2006,Clark,3558 - County,0
2006,Clark,4332 - LAS,0
2006,Clark,4390 - NLV,0
2006,Clark,4395 - NLV,0
2006,Clark,4404 - NLV,0
2006,Clark,4405 - NLV,0
2006,Clark,4421 - NLV,0
2006,Clark,4423 - NLV,0
2006,Clark,5310 - LAS,0
2006,Clark,5366 - County,0
2006,Clark,5367 - County,0
2006,Clark,5382 - County,0
2006,Clark,6301 - LAS,0
2006,Clark,6302 - LAS,0
2006,Clark,6303 - LAS,0
2006,Clark,6314 - LAS,0
2006,Clark,6316 - County,0
2006,Clark,6339 - LAS,0
2006,Clark,6402 - LAS,0
2006,Clark,6410 - County,0
2006,Clark,6489 - County,0
2006,Clark,6511 - County,0
2006,Clark,7320 - County,0
2006,Clark,7344 - HEN,0
2006,Clark,7348 - HEN,0
2006,Clark,7349 - HEN,0
2006,Clark,7368 - County,0
2006,Clark,7396 - HEN,0
2006,Clark,7397 - HEN,0
2006,Clark,9992 - PRO,0
2006,Clark,9994- CHAL,0
2006,Douglas,99,0
2006,Elko,99,0
2006,Esmeralda,99,0
2006,Eureka,99,0
2006,Humboldt,99,0
2006,Lander,99,0
2006,Lincoln,99,0
2006,Lyon,99,0
2006,Mineral,99,0
2006,Nye,99,0
2006,Pershing,99,0
2006,Storey,99,0
2006,Washoe,GER-WADS 7422 (MP),0
2006,Washoe,GER-WADS 9404 (MP),0
2006,Washoe,GER-WADS 9405 (MP),0
2006,Washoe,GER-WADS 9406 (MP),0
2006,Washoe,GER-WADS 9408 (MP),0
2006,Washoe,GER-WADS 9415 (MP),0
2006,Washoe,GER-WADS 9509 (MP),0
2006,Washoe,GER-WADS 9521 (MP),0
2006,Washoe,INCLINE VILLAGE 8111(MP),0
2006,Washoe,INCLINE VILLAGE 9102(MP),0
2006,Washoe,INCLINE VILLAGE 9105(MP),0
2006,Washoe,INCLINE VILLAGE 9106(MP),0
2006,Washoe,INCLINE VILLAGE 9111(MP),0
2006,Washoe,RENO-VERDI 1005 (MP),0
2006,Washoe,RENO-VERDI 1013 (MP),0
2006,Washoe,RENO-VERDI 1017 (MP),0
2006,Washoe,RENO-VERDI 1040 (MP),0
2006,Washoe,RENO-VERDI 1048 (MP),0
2006,Washoe,RENO-VERDI 1049 (MP),0
2006,Washoe,RENO-VERDI 1050 (MP),0
2006,Washoe,RENO-VERDI 1052 (MP),0
2006,Washoe,RENO-VERDI 1054 (MP),0
2006,Washoe,RENO-VERDI 2002 (MP),0
2006,Washoe,RENO-VERDI 2011 (MP),0
2006,Washoe,RENO-VERDI 2037 (MP),0
2006,Washoe,RENO-VERDI 2038 (MP),0
2006,Washoe,RENO-VERDI 2041 (MP),0
2006,Washoe,RENO-VERDI 2044 (MP),0
2006,Washoe,RENO-VERDI 2045 (MP),0
2006,Washoe,RENO-VERDI 2046 (MP),0
2006,Washoe,RENO-VERDI 2047 (MP),0
2006,Washoe,RENO-VERDI 2048 (MP),0
2006,Washoe,RENO-VERDI 2051 (MP),0
2006,Washoe,RENO-VERDI 2053 (MP),0
2006,Washoe,RENO-VERDI 2054 (MP),0
2006,Washoe,RENO-VERDI 2057 (MP),0
2006,Washoe,RENO-VERDI 3000 (MP),0
2006,Washoe,RENO-VERDI 3002 (MP),0
2006,Washoe,RENO-VERDI 3003 (MP),0
2006,Washoe,RENO-VERDI 3006 (MP),0
2006,Washoe,RENO-VERDI 3013 (MP),0
2006,Washoe,RENO-VERDI 3034 (MP),0
2006,Washoe,RENO-VERDI 3035 (MP),0
2006,Washoe,RENO-VERDI 4007 (MP),0
2006,Washoe,RENO-VERDI 4008 (MP),0
2006,Washoe,RENO-VERDI 4021 (MP),0
2006,Washoe,RENO-VERDI 4026 (MP),0
2006,Washoe,RENO-VERDI 4027 (MP),0
2006,Washoe,RENO-VERDI 4028 (MP),0
2006,Washoe,RENO-VERDI 4029 (MP),0
2006,Washoe,RENO-VERDI 4031 (MP),0
2006,Washoe,RENO-VERDI 4047 (MP),0
2006,Washoe,RENO-VERDI 5001 (MP),0
2006,Washoe,RENO-VERDI 5031 (MP),0
2006,Washoe,RENO-VERDI 5043 (MP),0
2006,Washoe,RENO-VERDI 5047 (MP),0
2006,Washoe,RENO-VERDI 5049 (MP),0
2006,Washoe,RENO-VERDI 5050 (MP),0
2006,Washoe,RENO-VERDI 5051 (MP),0
2006,Washoe,RENO-VERDI 5052 (MP),0
2006,Washoe,RENO-VERDI 5053 (MP),0
2006,Washoe,RENO-VERDI 5054 (MP),0
2006,Washoe,RENO-VERDI 7100 (MP),0
2006,Washoe,RENO-VERDI 7101 (MP),0
2006,Washoe,RENO-VERDI 7302 (MP),0
2006,Washoe,RENO-VERDI 7506 (MP),0
2006,Washoe,RENO-VERDI 7510 (MP),0
2006,Washoe,RENO-VERDI 7538 (MP),0
2006,Washoe,RENO-VERDI 7546 (MP),0
2006,Washoe,RENO-VERDI 7549 (MP),0
2006,Washoe,RENO-VERDI 7551 (MP),0
2006,Washoe,RENO-VERDI 8113 (MP),0
2006,Washoe,RENO-VERDI 8119 (MP),0
2006,Washoe,RENO-VERDI 8121 (MP),0
2006,Washoe,RENO-VERDI 8122 (MP),0
2006,Washoe,RENO-VERDI 8123 (MP),0
2006,Washoe,RENO-VERDI 8124 (MP),0
2006,Washoe,RENO-VERDI 8211 (MP),0
2006,Washoe,RENO-VERDI 8218 (MP),0
2006,Washoe,RENO-VERDI 8224 (MP),0
2006,Washoe,RENO-VERDI 8225 (MP),0
2006,Washoe,RENO-VERDI 8227 (MP),0
2006,Washoe,RENO-VERDI 8229 (MP),0
2006,Washoe,RENO-VERDI 8231 (MP),0
2006,Washoe,RENO-VERDI 8237 (MP),0
2006,Washoe,RENO-VERDI 8239 (MP),0
2006,Washoe,RENO-VERDI 8243 (MP),0
2006,Washoe,RENO-VERDI 8246 (MP),0
2006,Washoe,RENO-VERDI 8255 (MP),0
2006,Washoe,RENO-VERDI 8257 (MP),0
2006,Washoe,RENO-VERDI 8258 (MP),0
2006,Washoe,RENO-VERDI 8259 (MP),0
2006,Washoe,RENO-VERDI 8261 (MP),0
2006,Washoe,RENO-VERDI 8265 (MP),0
2006,Washoe,RENO-VERDI 8501 (MP),0
2006,Washoe,RENO-VERDI 9103 (MP),0
2006,Washoe,RENO-VERDI 9107 (MP),0
2006,Washoe,RENO-VERDI 9108 (MP),0
2006,Washoe,RENO-VERDI 9109 (MP),0
2006,Washoe,RENO-VERDI 9112 (MP),0
2006,Washoe,RENO-VERDI 9113 (MP),0
2006,Washoe,RENO-VERDI 9115 (MP),0
2006,Washoe,RENO-VERDI 9200 (MP),0
2006,Washoe,RENO-VERDI 9201 (MP),0
2006,Washoe,RENO-VERDI 9202 (MP),0
2006,Washoe,RENO-VERDI 9203 (MP),0
2006,Washoe,RENO-VERDI 9204 (MP),0
2006,Washoe,RENO-VERDI 9205 (MP),0
2006,Washoe,RENO-VERDI 9206 (MP),0
2006,Washoe,RENO-VERDI 9207 (MP),0
2006,Washoe,RENO-VERDI 9208 (MP),0
2006,Washoe,RENO-VERDI 9209 (MP),0
2006,Washoe,RENO-VERDI 9210 (MP),0
2006,Washoe,RENO-VERDI 9300 (MP),0
2006,Washoe,RENO-VERDI 9301 (MP),0
2006,Washoe,RENO-VERDI 9303 (MP),0
2006,Washoe,RENO-VERDI 9306 (MP),0
2006,Washoe,RENO-VERDI 9307 (MP),0
2006,Washoe,RENO-VERDI 9407 (MP),0
2006,Washoe,RENO-VERDI 9504 (MP),0
2006,Washoe,RENO-VERDI 9505 (MP),0
2006,Washoe,RENO-VERDI 9506 (MP),0
2006,Washoe,RENO-VERDI 9507 (MP),0
2006,Washoe,RENO-VERDI 9510 (MP),0
2006,Washoe,RENO-VERDI 9513 (MP),0
2006,Washoe,RENO-VERDI 9514 (MP),0
2006,Washoe,RENO-VERDI 9515 (MP),0
2006,Washoe,RENO-VERDI 9520 (MP),0
2006,Washoe,RENO-VERDI 9522 (MP),0
2006,Washoe,RENO-VERDI 9523 (MP),0
2006,Washoe,RENO-VERDI 9524 (MP),0
2006,Washoe,RENO-VERDI 9525 (MP),0
2006,Washoe,SPARKS 4042 (MP),0
2006,Washoe,SPARKS 6103 (MP),0
2006,Washoe,SPARKS 6104 (MP),0
2006,Washoe,SPARKS 6207 (MP),0
2006,Washoe,SPARKS 6304 (MP),0
2006,Washoe,SPARKS 6503 (MP),0
2006,Washoe,SPARKS 6507 (MP),0
2006,Washoe,SPARKS 6512 (MP),0
2006,Washoe,SPARKS 7305 (MP),0
2006,Washoe,SPARKS 7309 (MP),0
2006,Washoe,SPARKS 7405 (MP),0
2006,Washoe,SPARKS 7406 (MP),0
2006,Washoe,SPARKS 7413 (MP),0
2006,Washoe,SPARKS 7420 (MP),0
2006,Washoe,SPARKS 7421 (MP),0
2006,Washoe,SPARKS 7509 (MP),0
2006,Washoe,SPARKS 7518 (MP),0
2006,Washoe,SPARKS 7530 (MP),0
2006,Washoe,SPARKS 7542 (MP),0
2006,Washoe,SPARKS 7550 (MP),0
2006,Washoe,SPARKS 7555 (MP),0
2006,Washoe,SPARKS 9302 (MP),0
2006,Washoe,SPARKS 9304 (MP),0
2006,Washoe,SPARKS 9401 (MP),0
2006,Washoe,SPARKS 9402 (MP),0
2006,Washoe,SPARKS 9403 (MP),0
2006,Washoe,SPARKS 9409 (MP),0
2006,Washoe,SPARKS 9410 (MP),0
2006,Washoe,SPARKS 9411 (MP),0
2006,Washoe,SPARKS 9412 (MP),0
2006,Washoe,SPARKS 9413 (MP),0
2006,Washoe,SPARKS 9414 (MP),0
2006,Washoe,SPARKS 9503 (MP),0
2006,Washoe,SPARKS 9511 (MP),0
2006,Washoe,SPARKS 9512 (MP),0
2006,Washoe,SPARKS 9516 (MP),0
2006,Washoe,SPARKS 9518 (MP),0
2006,Washoe,SPARKS 9519 (MP),0
2006,Washoe,SPARKS 9526(MP),0
2006,White Pine,99,0
2008,Clark,1529 - HEN,47326
2008,Clark,1527 - HEN,46209
2008,Clark,3510 - LAS,44708
2008,Clark,6546 - County,42796
2008,Clark,2467 - MES,42238
2008,Clark,2375 - NLV,39664
2008,Clark,3549 - LAS,39290
2008,Clark,3530 - LAS,38503
2008,Clark,7365 - HEN,38418
2008,Clark,3541 - LAS,37505
2008,Clark,1512 - HEN,37302
2008,Clark,1316 - County,36764
2008,Clark,6541 - County,36385
2008,Clark,3452 - LAS,36071
2008,Clark,7386 - County,35759
2008,Clark,2448 - NLV,35538
2008,Clark,1310 - County,34525
2008,Clark,2395 - NLV,34229
2008,Clark,2365 - NLV,34109
2008,Clark,3415 - LAS,33818
2008,Clark,6482 - County,33808
2008,Clark,1515 - MES,33731
2008,Clark,2434 - County,33613
2008,Clark,3481 - LAS,33382
2008,Clark,1324 - County,33177
2008,Clark,1451 - HEN,32923
2008,Clark,1073 - LGH,32812
2008,Clark,4424 - County,32805
2008,Clark,2364 - NLV,32471
2008,Clark,2432 - County,32254
2008,Clark,1003 - BOC,32251
2008,Clark,1149 - HEN,32137
2008,Clark,1138 - County,32114
2008,Clark,2350 - LAS,31972
2008,Clark,1492 - HEN,31832
2008,Clark,7391 - County,31564
2008,Clark,2439 - NLV,31556
2008,Clark,7335 - County,31543
2008,Clark,6534 - County,31446
2008,Clark,3442 - LAS,31396
2008,Clark,3041 - LAS,31003
2008,Clark,2435 - County,30688
2008,Clark,1402 - HEN,30491
2008,Clark,3462 - County,30489
2008,Clark,7005 - HEN,30401
2008,Clark,1469 - HEN,30244
2008,Clark,1480 - HEN,30002
2008,Clark,6083 - County,29992
2008,Clark,1490 - HEN,29768
2008,Clark,1523 - HEN,29625
2008,Clark,3483 - LAS,29624
2008,Clark,6421 - County,29469
2008,Clark,1405 - HEN,29371
2008,Clark,6374 - LAS,29357
2008,Clark,1311 - County,29245
2008,Clark,3412 - LAS,29236
2008,Clark,7317 - County,29174
2008,Clark,1430 - HEN,29097
2008,Clark,4330 - LAS,28977
2008,Clark,1455 - HEN,28974
2008,Clark,1468 - HEN,28971
2008,Clark,2351 - LAS,28936
2008,Clark,3330 - County,28916
2008,Clark,3508 - LAS,28893
2008,Clark,3219 - LAS,28757
2008,Clark,3491 - LAS,28634
2008,Clark,3424 - LAS,28585
2008,Clark,3482 - LAS,28561
2008,Clark,1472 - HEN,28541
2008,Clark,7380 - County,28273
2008,Clark,1082 - HEN,28155
2008,Clark,2311 - LAS,28062
2008,Clark,7333 - County,28045
2008,Clark,2454 - LAS,28010
2008,Clark,3494 - LAS,28003
2008,Clark,3463 - LAS,27977
2008,Clark,7388 - County,27860
2008,Clark,2133 - County,27854
2008,Clark,1008 - BOC,27806
2008,Clark,1321 - County,27738
2008,Clark,3485 - LAS,27541
2008,Clark,1482 - HEN,27486
2008,Clark,5424 - County,27435
2008,Clark,3548 - LAS,27396
2008,Clark,1163 - HEN,27341
2008,Clark,3450 - LAS,27178
2008,Clark,3404 - LAS,27136
2008,Clark,1467 - HEN,27133
2008,Clark,3360 - LAS,27019
2008,Clark,5322 - County,27015
2008,Clark,4311 - NLV,26621
2008,Clark,7412 - HEN,26533
2008,Clark,1465 - HEN,26479
2008,Clark,1433 - HEN,26460
2008,Clark,4301 - NLV,26332
2008,Clark,1007 - BOC,26190
2008,Clark,3228 - LAS,26152
2008,Clark,1494 - HEN,26117
2008,Clark,5416 - County,25987
2008,Clark,2482 - NLV,25971
2008,Clark,1009 - BOC,25961
2008,Clark,3353 - LAS,25947
2008,Clark,3444 - County,25824
2008,Clark,3472 - LAS,25790
2008,Clark,2300 - LAS,25775
2008,Clark,7345 - HEN,25774
2008,Clark,1453 - HEN,25655
2008,Clark,1113 - HEN,25613
2008,Clark,3130 - LAS,25590
2008,Clark,3500 - LAS,25438
2008,Clark,1142 - County,25418
2008,Clark,6441 - County,25412
2008,Clark,5353 - County,25374
2008,Clark,6300 - LAS,25245
2008,Clark,2374 - NLV,25132
2008,Clark,3443 - LAS,25119
2008,Clark,3320 - LAS,25092
2008,Clark,2460 - LAS,25055
2008,Clark,2362 - NLV,25034
2008,Clark,3390 - LAS,25017
2008,Clark,7424 - County,24999
2008,Clark,2312 - LAS,24905
2008,Clark,3351 - LAS,24894
2008,Clark,1404 - HEN,24844
2008,Clark,1526 - HEN,24808
2008,Clark,1325 - County,24757
2008,Clark,6432 - County,24732
2008,Clark,1322 - County,24663
2008,Clark,3501 - LAS,24621
2008,Clark,7315 - County,24575
2008,Clark,1470 - HEN,24484
2008,Clark,1456 - HEN,24437
2008,Clark,7423 - County,24381
2008,Clark,3601 - LAS,24156
2008,Clark,1461 - HEN,24095
2008,Clark,7328 - County,24085
2008,Clark,4466 - LAS,24045
2008,Clark,3502 - LAS,23914
2008,Clark,6479 - County,23873
2008,Clark,3495 - LAS,23849
2008,Clark,6069 - County,23833
2008,Clark,1392 - HEN,23830
2008,Clark,3341 - LAS,23719
2008,Clark,1452 - HEN,23678
2008,Clark,7375 - County,23655
2008,Clark,2346 - LAS,23648
2008,Clark,2404 - NLV,23621
2008,Clark,3042 - LAS,23615
2008,Clark,6524 - County,23591
2008,Clark,1005 - BOC,23526
2008,Clark,1127 - HEN,23459
2008,Clark,3520 - LAS,23407
2008,Clark,3225 - LAS,23388
2008,Clark,3332 - County,23354
2008,Clark,5320 - LAS,23277
2008,Clark,2325 - LAS,23158
2008,Clark,6350 - LAS,23157
2008,Clark,2314 - LAS,23067
2008,Clark,6342 - LAS,23045
2008,Clark,6343 - LAS,22991
2008,Clark,2305 - LAS,22912
2008,Clark,1078 - HEN,22905
2008,Clark,5035 - County,22879
2008,Clark,6451 - County,22831
2008,Clark,7374 - County,22772
2008,Clark,1484 - HEN,22531
2008,Clark,1435 - HEN,22523
2008,Clark,2363 - NLV,22389
2008,Clark,1481 - HEN,22378
2008,Clark,5423 - County,22366
2008,Clark,1530 - BOC,22347
2008,Clark,2302 - LAS,22344
2008,Clark,6305 - LAS,22338
2008,Clark,1323 - County,22332
2008,Clark,1493 - HEN,22324
2008,Clark,3214 - LAS,22317
2008,Clark,1421 - HEN,22261
2008,Clark,3229 - LAS,22240
2008,Clark,2342 - LAS,22219
2008,Clark,1531 - MVA,22202
2008,Clark,5344 - County,22187
2008,Clark,4430 - County,22135
2008,Clark,1001 - BOC,22092
2008,Clark,3324 - County,21996
2008,Clark,6460 - County,21923
2008,Clark,3352 - LAS,21892
2008,Clark,1449 - County,21878
2008,Clark,3461 - County,21858
2008,Clark,3550 - LAS,21847
2008,Clark,3470 - LAS,21837
2008,Clark,2451 - LAS,21815
2008,Clark,1002 - BOC,21770
2008,Clark,4376 - LAS,21734
2008,Clark,6380 - LAS,21618
2008,Clark,3423 - LAS,21542
2008,Clark,1424 - HEN,21475
2008,Clark,6332 - LAS,21447
2008,Clark,6472 - County,21445
2008,Clark,1551 - HEN,21401
2008,Clark,3509 - LAS,21353
2008,Clark,7404 - HEN,21329
2008,Clark,1116 - HEN,21303
2008,Clark,6363 - LAS,21260
2008,Clark,6375 - LAS,21213
2008,Clark,3362 - LAS,21208
2008,Clark,7377 - County,21160
2008,Clark,3034 - LAS,21134
2008,Clark,1108 - HEN,21108
2008,Clark,5411 - County,21108
2008,Carson City,311,21102
2008,Clark,1006 - BOC,21078
2008,Clark,6323 - LAS,21002
2008,Clark,7326 - County,20992
2008,Clark,4468 - LAS,20978
2008,Clark,5351 - LAS,20975
2008,Clark,3484 - County,20974
2008,Clark,6455 - County,20970
2008,Clark,2422 - County,20950
2008,Clark,3600 - LAS,20913
2008,Clark,3089 - LAS,20855
2008,Clark,3471 - LAS,20822
2008,Clark,6404 - County,20815
2008,Clark,2461 - LAS,20793
2008,Clark,1124 - HEN,20754
2008,Clark,5415 - County,20745
2008,Clark,5432 - County,20698
2008,Clark,3445 - County,20697
2008,Clark,3350 - LAS,20634
2008,Clark,3127 - LAS,20614
2008,Clark,1305 - County,20611
2008,Clark,3490 - LAS,20577
2008,Clark,4416 - NLV,20522
2008,Clark,1401 - HEN,20521
2008,Clark,6481 - County,20467
2008,Clark,7321 - County,20411
2008,Clark,5365 - County,20315
2008,Clark,1463 - HEN,20308
2008,Clark,5387 - County,20290
2008,Clark,6450 - County,20285
2008,Clark,3313 - County,20250
2008,Clark,2310 - LAS,20242
2008,Clark,5421 - County,20129
2008,Clark,7342 - HEN,20097
2008,Clark,6480 - County,20063
2008,Clark,3506 - LAS,20020
2008,Clark,3334 - County,19987
2008,Clark,3514 - LAS,19946
2008,Clark,1010 - BOC,19924
2008,Clark,2361 - NLV,19828
2008,Clark,3323 - LAS,19776
2008,Clark,4365 - LAS,19767
2008,Clark,1440 - HEN,19763
2008,Clark,7052 - County,19739
2008,Clark,1312 - County,19710
2008,Clark,7086 - County,19682
2008,Clark,5031 - County,19562
2008,Clark,4460 - LAS,19534
2008,Clark,2367 - NLV,19512
2008,Clark,1423 - HEN,19501
2008,Clark,6355 - LAS,19482
2008,Clark,1355 - County,19460
2008,Clark,4320 - LAS,19429
2008,Clark,6013 - LAS,19422
2008,Clark,3420 - LAS,19397
2008,Clark,3449 - County,19306
2008,Clark,6396 - LAS,19301
2008,Clark,1516 - MES,19282
2008,Clark,3129 - LAS,19256
2008,Clark,1444 - HEN,19217
2008,Clark,7390 - County,19168
2008,Clark,6420 - County,19140
2008,Clark,3505 - LAS,19094
2008,Clark,6354 - LAS,19080
2008,Clark,3038 - LAS,19063
2008,Clark,1420 - HEN,19025
2008,Clark,1442 - HEN,18997
2008,Clark,2455 - LAS,18958
2008,Clark,7394 - HEN,18886
2008,Clark,2412 - County,18842
2008,Clark,7036 - County,18841
2008,Clark,3469 - LAS,18831
2008,Clark,5374 - County,18809
2008,Clark,6433 - County,18741
2008,Clark,6401 - LAS,18739
2008,Clark,2306 - LAS,18731
2008,Clark,3507 - LAS,18694
2008,Clark,4347 - LAS,18663
2008,Clark,4360 - LAS,18633
2008,Clark,3401 - LAS,18614
2008,Clark,7392 - HEN,18586
2008,Clark,6403 - LAS,18544
2008,Clark,2413 - County,18541
2008,Clark,7324 - County,18539
2008,Clark,6444 - County,18512
2008,Clark,6334 - LAS,18479
2008,Washoe,RENO-VERDI 3037,18443
2008,Clark,2418 - County,18428
2008,Clark,1479 - HEN,18400
2008,Clark,1445 - HEN,18385
2008,Clark,6454 - County,18371
2008,Clark,5016 - County,18359
2008,Clark,4385 - LAS,18311
2008,Clark,3321 - LAS,18308
2008,Clark,2459 - NLV,18276
2008,Clark,6361 - LAS,18272
2008,Clark,6352 - LAS,18266
2008,Clark,7033 - County,18252
2008,Clark,3337 - County,18143
2008,Clark,7083 - County,18111
2008,Clark,6073 - County,18092
2008,Clark,1454 - HEN,18079
2008,Clark,6452 - County,18045
2008,Clark,6414 - County,18031
2008,Clark,7314 - County,17904
2008,Clark,2420 - County,17841
2008,Clark,3527 - LAS,17840
2008,Clark,3090 - LAS,17771
2008,Clark,3504 - County,17668
2008,Clark,6344 - LAS,17668
2008,Clark,1400 - HEN,17661
2008,Clark,5414 - County,17659
2008,Clark,3335 - County,17648
2008,Clark,7393 - HEN,17604
2008,Clark,5352 - LAS,17576
2008,Clark,4325 - LAS,17531
2008,Clark,5304 - County,17502
2008,Clark,3434 - LAS,17484
2008,Clark,6325 - LAS,17393
2008,Clark,5355 - County,17389
2008,Clark,1300 - County,17388
2008,Clark,5024 - County,17343
2008,Clark,6360 - LAS,17314
2008,Clark,7330 - County,17306
2008,Clark,3220 - LAS,17305
2008,Clark,1313 - County,17261
2008,Clark,7046 - County,17254
2008,Clark,7382 - County,17199
2008,Clark,2301 - LAS,17177
2008,Washoe,RENO-VERDI 2055,17144
2008,Clark,3603 - LAS,17132
2008,Clark,3227 - LAS,17123
2008,Clark,2453 - LAS,17114
2008,Clark,3342 - LAS,17113
2008,Clark,6067 - County,17091
2008,Clark,3344 - LAS,17071
2008,Clark,6079 - County,16996
2008,Clark,7421 - HEN,16991
2008,Clark,2431 - County,16914
2008,Clark,6510 - County,16809
2008,Clark,6465 - County,16807
2008,Washoe,SPARKS 6407,16784
2008,Clark,2433 - County,16759
2008,Clark,4380 - LAS,16733
2008,Clark,3355 - LAS,16638
2008,Clark,6476 - County,16615
2008,Clark,1441 - HEN,16597
2008,Clark,5422 - County,16535
2008,Clark,3333 - County,16530
2008,Clark,3403 - LAS,16524
2008,Clark,4464 - LAS,16524
2008,Clark,7300 - County,16518
2008,Clark,6461 - County,16512
2008,Clark,2452 - LAS,16475
2008,Clark,1350 - County,16458
2008,Clark,7343 - HEN,16451
2008,Washoe,SPARKS 6201,16390
2008,Clark,3322 - LAS,16273
2008,Clark,7313 - County,16260
2008,Clark,2462 - LAS,16248
2008,Clark,1443 - HEN,16240
2008,Clark,2424 - NLV,16225
2008,Clark,4371 - LAS,16202
2008,Washoe,RENO-VERDI 1028,16194
2008,Clark,1357 - County,16140
2008,Clark,5354 - County,16137
2008,Clark,6340 - LAS,16030
2008,Clark,3331 - County,16021
2008,Clark,1477 - HEN,15982
2008,Clark,6478 - County,15949
2008,Clark,7331 - County,15759
2008,Clark,5325 - County,15749
2008,Clark,3422 - LAS,15717
2008,Clark,6071 - County,15652
2008,Clark,3421 - LAS,15536
2008,Clark,1522 - HEN,15499
2008,Clark,6445 - County,15341
2008,Clark,6453 - County,15282
2008,Clark,6311 - LAS,15260
2008,Clark,5303 - County,15244
2008,Clark,1478 - HEN,15225
2008,Clark,5315 - LAS,15212
2008,Clark,7303 - County,15196
2008,Clark,6310 - LAS,15178
2008,Clark,1450 - HEN,15146
2008,Clark,3525 - LAS,15126
2008,Clark,1524 - HEN,15055
2008,Clark,5385 - LAS,14991
2008,Clark,1165 - HEN,14961
2008,Clark,3326 - LAS,14904
2008,Clark,7346 - HEN,14865
2008,Clark,5361 - County,14811
2008,Clark,1301 - County,14783
2008,Clark,7376 - County,14683
2008,Clark,2321 - LAS,14637
2008,Clark,4312 - NLV,14628
2008,Clark,5383 - LAS,14619
2008,Clark,7420 - HEN,14520
2008,Clark,7038 - County,14451
2008,Clark,1532 - MVA,14416
2008,Clark,6391 - LAS,14409
2008,Clark,1112 - HEN,14399
2008,Clark,5401 - County,14363
2008,Clark,4383 - LAS,14348
2008,Clark,1413 - County,14337
2008,Clark,6523 - County,14318
2008,Clark,7301 - County,14289
2008,Clark,1425 - HEN,14273
2008,Clark,5380 - County,14146
2008,Clark,1109 - HEN,14122
2008,Clark,3345 - LAS,14091
2008,Clark,3035 - LAS,14068
2008,Clark,3556 - LAS,13964
2008,Clark,1422 - HEN,13940
2008,Clark,6394 - LAS,13918
2008,Clark,5363 - County,13821
2008,Clark,7308 - County,13807
2008,Clark,3340 - LAS,13730
2008,Clark,4374 - LAS,13706
2008,Clark,2414 - County,13650
2008,Clark,2426 - NLV,13628
2008,Clark,7425 - County,13591
2008,Washoe,SPARKS 7411,13590
2008,Clark,5386 - County,13550
2008,Clark,4465 - LAS,13452
2008,Clark,1460 - HEN,13433
2008,Washoe,SPARKS 6112,13424
2008,Clark,2048 - LAS,13383
2008,Clark,4410 - NLV,13380
2008,Clark,1319 - County,13358
2008,Clark,6034 - LAS,13342
2008,Clark,6442 - County,13339
2008,Clark,3312 - LAS,13316
2008,Clark,2425 - NLV,13115
2008,Clark,5336 - County,12898
2008,Clark,6373 - LAS,12895
2008,Clark,1462 - HEN,12887
2008,Clark,6491 - County,12869
2008,Clark,2322 - LAS,12834
2008,Clark,6464 - County,12807
2008,Clark,2345 - LAS,12744
2008,Clark,6074 - County,12721
2008,Clark,2047 - LAS,12713
2008,Clark,6351 - LAS,12683
2008,Clark,7061 - County,12664
2008,Clark,6393 - LAS,12596
2008,Washoe,SPARKS 6517,12546
2008,Clark,4031 - LAS,12544
2008,Washoe,SPARKS 6402,12544
2008,Clark,2332 - LAS,12453
2008,Clark,6392 - LAS,12387
2008,Clark,1317 - County,12381
2008,Clark,7309 - County,12252
2008,Clark,5371 - County,12180
2008,Clark,7071 - County,12158
2008,Clark,1004 - BOC,12037
2008,Clark,4425 - County,11869
2008,Clark,3343 - LAS,11843
2008,Clark,7363 - HEN,11804
2008,Clark,6341 - LAS,11766
2008,Clark,3402 - LAS,11760
2008,Clark,4343 - LAS,11726
2008,Clark,4417 - NLV,11724
2008,Clark,6068 - County,11722
2008,Clark,3526 - LAS,11713
2008,Clark,5392 - County,11700
2008,Clark,7319 - County,11556
2008,Clark,7060 - County,11547
2008,Clark,5373 - County,11518
2008,Clark,5360 - County,11487
2008,Clark,7302 - County,11427
2008,Clark,1123 - HEN,11405
2008,Clark,6333 - LAS,11373
2008,Clark,7304 - County,11371
2008,Washoe,SPARKS 6504,11356
2008,Clark,3536 - County,11311
2008,Clark,6483 - County,11296
2008,Clark,5340 - County,11156
2008,Clark,1017 - BUN,11076
2008,Clark,4455 - LAS,10962
2008,Clark,5370 - County,10912
2008,Clark,4426 - County,10898
2008,Washoe,SPARKS 7535,10896
2008,Clark,5364 - County,10891
2008,Clark,1500 - HEN,10814
2008,Washoe,RENO-VERDI 4049,10795
2008,Clark,3311 - LAS,10776
2008,Clark,6462 - County,10699
2008,Clark,6425 - County,10653
2008,Clark,6543 - County,10619
2008,Clark,5305 - County,10577
2008,Clark,5402 - County,10529
2008,Clark,3120 - LAS,10425
2008,Clark,1060 - County,10380
2008,Clark,3396 - LAS,10208
2008,Clark,6304 - County,10108
2008,Clark,4364 - LAS,10071
2008,Clark,6516 - County,10051
2008,Clark,1434 - HEN,10014
2008,Clark,2333 - LAS,9995
2008,Clark,4440 - County,9969
2008,Clark,3394 - LAS,9848
2008,Clark,6443 - County,9773
2008,Clark,7340 - County,9751
2008,Clark,7316 - County,9737
2008,Clark,6413 - County,9718
2008,Washoe,RENO-VERDI 4004,9700
2008,Clark,6382 - LAS,9663
2008,Clark,5381 - County,9661
2008,Clark,4370 - LAS,9542
2008,Clark,7383 - County,9538
2008,Clark,2307 - LAS,9506
2008,Carson City,213,9416
2008,Clark,4443 - County,9348
2008,Clark,6381 - LAS,9329
2008,Clark,3384 - LAS,9328
2008,Clark,7385 - County,9263
2008,Clark,4396 - NLV,9130
2008,Clark,1466 - HEN,9075
2008,Clark,3425 - LAS,8968
2008,Clark,7384 - County,8953
2008,Clark,4433 - County,8920
2008,Clark,7305 - County,8880
2008,Clark,3336 - County,8843
2008,Clark,1491 - HEN,8802
2008,Clark,4403 - NLV,8764
2008,Washoe,RENO-VERDI 7311,8738
2008,Clark,6370 - LAS,8733
2008,Clark,3400 - LAS,8703
2008,Washoe,RENO-VERDI 5057,8640
2008,Clark,1314 - County,8554
2008,Clark,4375 - LAS,8488
2008,Clark,4348 - LAS,8458
2008,Clark,4414 - NLV,8424
2008,Clark,4394 - NLV,8422
2008,Clark,1393 - HEN,8408
2008,Washoe,RENO-VERDI 2008,8344
2008,Clark,1403 - HEN,8339
2008,Clark,2122 - County,8316
2008,Washoe,SPARKS 6404,8245
2008,Clark,7370 - LAS,8164
2008,Clark,6430 - County,8066
2008,Clark,1432 - HEN,8057
2008,Clark,7323 - County,7964
2008,Clark,7381 - County,7894
2008,Clark,4452 - LAS,7891
2008,Clark,2313 - LAS,7817
2008,Clark,4355 - LAS,7817
2008,Clark,5300 - LAS,7755
2008,Clark,3300 - County,7734
2008,Clark,3314 - County,7709
2008,Clark,6400 - LAS,7705
2008,Clark,6532 - County,7675
2008,Clark,4353 - LAS,7564
2008,Clark,5334 - County,7479
2008,Clark,4441 - County,7400
2008,Clark,3303 - County,7274
2008,Clark,3301 - LAS,7180
2008,Clark,7364 - HEN,7172
2008,Washoe,RENO-VERDI 8270,7144
2008,Clark,6390 - LAS,7122
2008,Clark,6372 - LAS,7109
2008,Washoe,RENO-VERDI 2005,7105
2008,Washoe,RENO-VERDI 2003,7082
2008,Clark,6365 - LAS,7079
2008,Clark,6542 - County,7052
2008,Clark,6312 - LAS,7033
2008,Clark,6385 - LAS,7000
2008,Clark,3453 - LAS,6962
2008,Clark,1416 - HEN,6816
2008,Clark,5321 - County,6810
2008,Clark,2370 - NLV,6749
2008,Clark,4356 - LAS,6749
2008,Clark,3315 - County,6746
2008,Clark,1412 - County,6688
2008,Clark,4436 - County,6624
2008,Clark,7373 - LAS,6541
2008,Clark,6473 - County,6414
2008,Clark,5342 - County,6373
2008,Clark,7350 - HEN,6370
2008,Clark,5343 - County,6282
2008,Clark,4451 - LAS,6281
2008,Clark,7070 - County,6240
2008,Washoe,SPARKS 6505,6089
2008,Clark,4300 - NLV,6049
2008,Washoe,SPARKS 6426,6043
2008,Douglas,34-Sundridge,6020
2008,Clark,3531 - County,5921
2008,Clark,5313 - LAS,5897
2008,Washoe,SPARKS 6506,5838
2008,Washoe,RENO-VERDI 8278,5749
2008,Clark,6320 - LAS,5709
2008,Clark,3569 - LAS,5689
2008,Clark,1464 - HEN,5667
2008,Clark,5391 - County,5660
2008,Clark,3325 - County,5641
2008,Washoe,RENO-VERDI 5029,5597
2008,Washoe,SPARKS 6509,5585
2008,Washoe,RENO-VERDI 1037,5493
2008,Clark,4462 - LAS,5482
2008,Clark,5362 - County,5424
2008,Clark,5302 - County,5406
2008,Clark,4361 - LAS,5281
2008,Clark,7325 - County,5231
2008,Clark,2470 - MOA,5224
2008,Clark,4372 - LAS,5200
2008,Clark,2334 - County,5192
2008,Clark,6384 - LAS,5137
2008,Clark,2355 - LAS,5102
2008,Clark,4321 - LAS,5051
2008,Clark,4402 - NLV,5032
2008,Clark,2339 - County,4920
2008,Clark,2331 - LAS,4852
2008,Clark,4413 - NLV,4811
2008,Clark,5314 - County,4794
2008,Clark,4386 - LAS,4783
2008,Clark,4411 - NLV,4690
2008,Clark,5316 - LAS,4689
2008,Clark,4331 - LAS,4598
2008,Clark,2471 - MOA,4593
2008,Clark,3186 - County,4485
2008,Clark,4392 - NLV,4482
2008,Clark,6383 - LAS,4458
2008,Clark,4393 - NLV,4448
2008,Clark,6324 - County,4414
2008,Clark,4302 - NLV,4333
2008,Clark,2410 - NLV,4290
2008,Clark,6485 - County,4260
2008,Washoe,RENO-VERDI 7310,4245
2008,Clark,4351 - LAS,4196
2008,Clark,4412 - NLV,4151
2008,Clark,6330 - LAS,4150
2008,Clark,2427 - County,4116
2008,Clark,2341 - LAS,4077
2008,Clark,5075 - County,4061
2008,Clark,2423 - County,3968
2008,Washoe,RENO-VERDI 7544,3911
2008,Clark,4431 - County,3909
2008,Washoe,SPARKS 7515,3887
2008,Clark,7362 - HEN,3827
2008,Washoe,RENO-VERDI 4013,3807
2008,Clark,4350 - LAS,3755
2008,Clark,4422 - NLV,3738
2008,Washoe,SPARKS 6419,3723
2008,Washoe,RENO-VERDI 8215,3642
2008,Clark,6331 - LAS,3624
2008,Clark,6411 - County,3597
2008,Clark,6474 - County,3586
2008,Clark,3459 - County,3560
2008,Clark,4420 - NLV,3468
2008,Clark,1476 - HEN,3372
2008,Clark,4444 - County,3350
2008,Clark,6353 - LAS,3346
2008,Clark,4382 - LAS,3338
2008,Clark,4397 - NLV,3316
2008,Clark,4435 - County,3284
2008,Washoe,RENO-VERDI 2059,3253
2008,Clark,4022 - NLV,3201
2008,Clark,1501 - HEN,3184
2008,Clark,2336 - County,3131
2008,Clark,3411 - LAS,3103
2008,Clark,4341 - LAS,3097
2008,Clark,2326 - LAS,3089
2008,Clark,3316 - County,3084
2008,Washoe,RENO-VERDI 8262,3027
2008,Clark,3515 - County,2978
2008,Clark,4373 - LAS,2967
2008,Clark,2104 - County,2961
2008,Clark,6321 - County,2943
2008,Clark,3480 - County,2917
2008,Clark,2323 - LAS,2905
2008,Washoe,RENO-VERDI 7301,2866
2008,Clark,3497 - County,2839
2008,Washoe,RENO-VERDI 3033,2821
2008,Clark,5312 - LAS,2809
2008,Clark,6364 - LAS,2786
2008,Washoe,SPARKS 6102,2733
2008,Washoe,RENO-VERDI 2052,2708
2008,Clark,4453 - LAS,2614
2008,Clark,6423 - County,2608
2008,Clark,2347 - County,2484
2008,Clark,2416 - County,2437
2008,Clark,4050 - LAS,2387
2008,Clark,9993 - PRO,2339
2008,Clark,5341 - County,2324
2008,Clark,4391 - NLV,2313
2008,Washoe,RENO-VERDI 4006,2311
2008,Clark,5331 - County,2295
2008,Clark,7372 - LAS,2168
2008,Clark,6525 - County,2157
2008,Clark,4401 - NLV,2123
2008,Washoe,GER-WADS 7423,2121
2008,Clark,6322 - LAS,2120
2008,Washoe,RENO-VERDI 2001,2088
2008,Clark,4427 - County,2077
2008,Clark,4363 - LAS,2056
2008,Clark,4352 - LAS,2048
2008,Clark,4019 - NLV,2025
2008,Washoe,SPARKS 7409 (MP),1983
2008,Clark,4323 - County,1980
2008,Clark,5306 - County,1898
2008,Clark,3570 - County,1817
2008,Washoe,RENO-VERDI 8248,1817
2008,Clark,9991 - PRO,1796
2008,Clark,2320 - County,1792
2008,Washoe,RENO-VERDI 8241,1782
2008,Clark,6038 - County,1780
2008,Clark,2340 - County,1755
2008,Clark,3555 - County,1750
2008,Clark,4035 - LAS,1729
2008,Clark,3511 - County,1690
2008,Clark,6335 - County,1690
2008,Clark,4450 - LAS,1668
2008,Clark,7367 - County,1625
2008,Clark,1306 - County,1615
2008,Clark,7307 - County,1611
2008,Clark,6371 - LAS,1567
2008,Clark,2335 - County,1537
2008,Clark,3493 - County,1486
2008,Clark,4344 - LAS,1472
2008,Clark,3354 - LAS,1471
2008,Clark,7371 - LAS,1445
2008,Clark,6315 - County,1441
2008,Clark,7310 - County,1435
2008,Clark,3310 - LAS,1412
2008,Washoe,RENO-VERDI 4010,1362
2008,Washoe,RENO-VERDI 8244,1342
2008,Clark,4442 - County,1311
2008,Washoe,RENO-VERDI 1019,1286
2008,Washoe,SPARKS 6412,1273
2008,Washoe,RENO-VERDI 7539 (MP),1187
2008,Clark,3454 - LAS,1179
2008,Washoe,RENO-VERDI 4011,1148
2008,Clark,4432 - County,1126
2008,Clark,1457 - County,1111
2008,Clark,1448 - County,1054
2008,Clark,4345 - LAS,1047
2008,Clark,4342 - LAS,1033
2008,Clark,3487 - County,1000
2008,Clark,4445 - County,983
2008,Washoe,RENO-VERDI 5042,978
2008,Clark,6031 - LAS,936
2008,Clark,3436 - LAS,927
2008,Clark,2428 - County,920
2008,Clark,3440 - County,885
2008,Washoe,SPARKS 7542,879
2008,Clark,4390 - NLV,832
2008,Clark,3519 - County,820
2008,Clark,3563 - County,808
2008,Clark,3446 - LAS,792
2008,Washoe,RENO-VERDI 2012,791
2008,Clark,3543 - County,778
2008,Clark,4340 - LAS,763
2008,Clark,3512 - County,761
2008,Clark,5301 - County,761
2008,Clark,5335 - County,740
2008,Clark,3523 - County,732
2008,Clark,1534 - County,723
2008,Washoe,RENO-VERDI 8242,681
2008,Clark,1535 - County,665
2008,Washoe,RENO-VERDI 8228,663
2008,Clark,1050 - County,662
2008,Clark,3302 - LAS,626
2008,Clark,3488 - County,619
2008,Clark,7344 - HEN,597
2008,Clark,3533 - County,582
2008,Clark,3477 - County,576
2008,Washoe,RENO-VERDI 8251,568
2008,Clark,2348 - County,560
2008,Clark,9003 - OVR,523
2008,Clark,2106 - County,521
2008,Washoe,RENO-VERDI 8131,519
2008,Clark,2475 - MOA,469
2008,Washoe,RENO-VERDI 8230,450
2008,Clark,4405 - NLV,431
2008,Clark,3521 - County,426
2008,Washoe,RENO-VERDI 8223,407
2008,Clark,9001 - OVR,396
2008,Clark,7077 - County,386
2008,Clark,2415 - County,384
2008,Clark,6303 - LAS,368
2008,Washoe,RENO-VERDI 8252,365
2008,Washoe,RENO-VERDI 7303,330
2008,Washoe,RENO-VERDI 7511,304
2008,Washoe,SPARKS 7400 (MP),292
2008,Washoe,RENO-VERDI 8120,252
2008,Washoe,RENO-VERDI 8281,205
2008,Clark,9996 - PRES,194
2008,Clark,2472 - MOA,185
2008,Washoe,SPARKS 7305,184
2008,Nye,88,182
2008,Washoe,RENO-VERDI 8255,168
2008,Clark,4395 - NLV,151
2008,Washoe,FOC,131
2008,Washoe,NO FIXED RES,85
2008,Clark,3432 - LAS,77
2008,Clark,9992 - PRO,53
2008,Clark,9002 - OVR,24
2008,Washoe,SPARKS 7419,20
2008,Washoe,RENO-VERDI 8268,14
2008,Carson City,998,12
2008,Washoe,RENO-VERDI 8243,12
2008,Lyon,88,10
2008,Carson City,999,0
2008,Churchill,88,0
2008,Churchill,99,0
2008,Clark,1070 - County,0
2008,Clark,1131 - HEN,0
2008,Clark,1132 - County,0
2008,Clark,1169- BOC,0
2008,Clark,1315 - County,0
2008,Clark,1360 - County,0
2008,Clark,1362 - HEN,0
2008,Clark,1370 - County,0
2008,Clark,1373 - County,0
2008,Clark,1388 -  HEN,0
2008,Clark,1471 - HEN,0
2008,Clark,1474 - HEN,0
2008,Clark,1475 - County,0
2008,Clark,1486 - HEN,0
2008,Clark,1502 - County,0
2008,Clark,1503 - County,0
2008,Clark,1536 - County,0
2008,Clark,1537 - County,0
2008,Clark,1538 - County,0
2008,Clark,1539 - County,0
2008,Clark,1540 - County,0
2008,Clark,1541 - County,0
2008,Clark,1542 - County,0
2008,Clark,2050 - LAS,0
2008,Clark,2052 - LAS,0
2008,Clark,2319 - County,0
2008,Clark,2324 - LAS,0
2008,Clark,2328 - LAS,0
2008,Clark,2329 - LAS,0
2008,Clark,2337 - County,0
2008,Clark,2338 - LAS,0
2008,Clark,2343 - County,0
2008,Clark,2344 - LAS,0
2008,Clark,2349 - LAS,0
2008,Clark,2357 - LAS,0
2008,Clark,2358 - LAS,0
2008,Clark,2421 - County,0
2008,Clark,2437 - County,0
2008,Clark,2438 - NLV,0
2008,Clark,2442 - County,0
2008,Clark,2443 - County,0
2008,Clark,2450 - LAS,0
2008,Clark,3147 - County,0
2008,Clark,3304 - County,0
2008,Clark,3305 - County,0
2008,Clark,3306 - County,0
2008,Clark,3308 - LAS,0
2008,Clark,3309 - LAS,0
2008,Clark,3441 - County,0
2008,Clark,3455 - County,0
2008,Clark,3456 - County,0
2008,Clark,3466 - LAS,0
2008,Clark,3473 - County,0
2008,Clark,3479 - County,0
2008,Clark,3486 - LAS,0
2008,Clark,3492 - County,0
2008,Clark,3498 - LAS,0
2008,Clark,3499 - County,0
2008,Clark,3516 - County,0
2008,Clark,3522 - County,0
2008,Clark,3524 - LAS,0
2008,Clark,3528 - LAS,0
2008,Clark,3529 - LAS,0
2008,Clark,3534 - County,0
2008,Clark,3551 - LAS,0
2008,Clark,3554 - County,0
2008,Clark,3558 - County,0
2008,Clark,3560 - County,0
2008,Clark,3561 - County,0
2008,Clark,3568 - County,0
2008,Clark,4332 - LAS,0
2008,Clark,4404 - NLV,0
2008,Clark,4421 - NLV,0
2008,Clark,4423 - NLV,0
2008,Clark,4428 - NLV,0
2008,Clark,5310 - LAS,0
2008,Clark,5366 - County,0
2008,Clark,5367 - County,0
2008,Clark,5382 - County,0
2008,Clark,6301 - LAS,0
2008,Clark,6302 - LAS,0
2008,Clark,6314 - LAS,0
2008,Clark,6316 - County,0
2008,Clark,6319 - County,0
2008,Clark,6339 - LAS,0
2008,Clark,6402 - LAS,0
2008,Clark,6410 - County,0
2008,Clark,6489 - County,0
2008,Clark,6501 - HEN,0
2008,Clark,6511 - County,0
2008,Clark,7320 - County,0
2008,Clark,7348 - HEN,0
2008,Clark,7349 - HEN,0
2008,Clark,7368 - County,0
2008,Clark,7396 - HEN,0
2008,Clark,7397 - HEN,0
2008,Clark,9994- CHAL,0
2008,Douglas,88,0
2008,Douglas,999,0
2008,Elko,88,0
2008,Elko,99,0
2008,Esmeralda,88,0
2008,Esmeralda,99,0
2008,Eureka,88,0
2008,Eureka,99,0
2008,Humboldt,88,0
2008,Humboldt,99,0
2008,Lander,88,0
2008,Lander,99,0
2008,Lincoln,88,0
2008,Lincoln,99,0
2008,Lyon,99,0
2008,Mineral,88,0
2008,Mineral,99,0
2008,Nye,99,0
2008,Pershing,88,0
2008,Pershing,99,0
2008,Storey,88,0
2008,Storey,99,0
2008,Washoe,GER-WADS 7422 (MP),0
2008,Washoe,GER-WADS 9404 (MP),0
2008,Washoe,GER-WADS 9405 (MP),0
2008,Washoe,GER-WADS 9406 (MP),0
2008,Washoe,GER-WADS 9408 (MP),0
2008,Washoe,GER-WADS 9415 (MP),0
2008,Washoe,GER-WADS 9509 (MP),0
2008,Washoe,GER-WADS 9521 (MP),0
2008,Washoe,INCLINE VILLAGE 8125(MP),0
2008,Washoe,INCLINE VILLAGE 8126(MP),0
2008,Washoe,INCLINE VILLAGE 9102(MP),0
2008,Washoe,INCLINE VILLAGE 9105(MP),0
2008,Washoe,INCLINE VILLAGE 9106(MP),0
2008,Washoe,INCLINE VILLAGE 9111(MP),0
2008,Washoe,RENO-VERDI  8503,0
2008,Washoe,RENO-VERDI 1013 (MP),0
2008,Washoe,RENO-VERDI 1017 (MP),0
2008,Washoe,RENO-VERDI 1048 (MP),0
2008,Washoe,RENO-VERDI 1049,0
2008,Washoe,RENO-VERDI 1050 (MP),0
2008,Washoe,RENO-VERDI 1052 (MP),0
2008,Washoe,RENO-VERDI 2002 (MP),0
2008,Washoe,RENO-VERDI 2011 (MP),0
2008,Washoe,RENO-VERDI 2038 (MP),0
2008,Washoe,RENO-VERDI 2044 (MP),0
2008,Washoe,RENO-VERDI 2045 (MP),0
2008,Washoe,RENO-VERDI 2046 (MP),0
2008,Washoe,RENO-VERDI 2048 (MP),0
2008,Washoe,RENO-VERDI 2051 (MP),0
2008,Washoe,RENO-VERDI 2053 (MP),0
2008,Washoe,RENO-VERDI 2054 (MP),0
2008,Washoe,RENO-VERDI 2057 (MP),0
2008,Washoe,RENO-VERDI 3000 (MP),0
2008,Washoe,RENO-VERDI 3034 (MP),0
2008,Washoe,RENO-VERDI 3035 (MP),0
2008,Washoe,RENO-VERDI 4008 (MP),0
2008,Washoe,RENO-VERDI 4015 (MP),0
2008,Washoe,RENO-VERDI 4026 (MP),0
2008,Washoe,RENO-VERDI 4028 (MP),0
2008,Washoe,RENO-VERDI 4029 (MP),0
2008,Washoe,RENO-VERDI 4031 (MP),0
2008,Washoe,RENO-VERDI 4042 (MP),0
2008,Washoe,RENO-VERDI 4048 (MP),0
2008,Washoe,RENO-VERDI 5001 (MP),0
2008,Washoe,RENO-VERDI 5037,0
2008,Washoe,RENO-VERDI 5043 (MP),0
2008,Washoe,RENO-VERDI 5049 (MP),0
2008,Washoe,RENO-VERDI 5050 (MP),0
2008,Washoe,RENO-VERDI 5051 (MP),0
2008,Washoe,RENO-VERDI 5052 (MP),0
2008,Washoe,RENO-VERDI 5055 (MP),0
2008,Washoe,RENO-VERDI 5058 (MP),0
2008,Washoe,RENO-VERDI 5059,0
2008,Washoe,RENO-VERDI 7101,0
2008,Washoe,RENO-VERDI 7510,0
2008,Washoe,RENO-VERDI 7538 (MP),0
2008,Washoe,RENO-VERDI 7549 (MP),0
2008,Washoe,RENO-VERDI 8121,0
2008,Washoe,RENO-VERDI 8123,0
2008,Washoe,RENO-VERDI 8124,0
2008,Washoe,RENO-VERDI 8130,0
2008,Washoe,RENO-VERDI 8224 (MP),0
2008,Washoe,RENO-VERDI 8225,0
2008,Washoe,RENO-VERDI 8229,0
2008,Washoe,RENO-VERDI 8231,0
2008,Washoe,RENO-VERDI 8239,0
2008,Washoe,RENO-VERDI 8246,0
2008,Washoe,RENO-VERDI 8257,0
2008,Washoe,RENO-VERDI 8266,0
2008,Washoe,RENO-VERDI 8267 (MP),0
2008,Washoe,RENO-VERDI 8269 (MP),0
2008,Washoe,RENO-VERDI 8274,0
2008,Washoe,RENO-VERDI 8279,0
2008,Washoe,RENO-VERDI 8280,0
2008,Washoe,RENO-VERDI 8283,0
2008,Washoe,RENO-VERDI 8501,0
2008,Washoe,RENO-VERDI 8504 (MP),0
2008,Washoe,RENO-VERDI 9100 (MP),0
2008,Washoe,RENO-VERDI 9103 (MP),0
2008,Washoe,RENO-VERDI 9107 (MP),0
2008,Washoe,RENO-VERDI 9108 (MP),0
2008,Washoe,RENO-VERDI 9109 (MP),0
2008,Washoe,RENO-VERDI 9112 (MP),0
2008,Washoe,RENO-VERDI 9113 (MP),0
2008,Washoe,RENO-VERDI 9115 (MP),0
2008,Washoe,RENO-VERDI 9200 (MP),0
2008,Washoe,RENO-VERDI 9202 (MP),0
2008,Washoe,RENO-VERDI 9203 (MP),0
2008,Washoe,RENO-VERDI 9204 (MP),0
2008,Washoe,RENO-VERDI 9205 (MP),0
2008,Washoe,RENO-VERDI 9206 (MP),0
2008,Washoe,RENO-VERDI 9207 (MP),0
2008,Washoe,RENO-VERDI 9208 (MP),0
2008,Washoe,RENO-VERDI 9209 (MP),0
2008,Washoe,RENO-VERDI 9210 (MP),0
2008,Washoe,RENO-VERDI 9211 (MP),0
2008,Washoe,RENO-VERDI 9212 (MP),0
2008,Washoe,RENO-VERDI 9213 (MP),0
2008,Washoe,RENO-VERDI 9214 (MP),0
2008,Washoe,RENO-VERDI 9215 (MP),0
2008,Washoe,RENO-VERDI 9216 (MP),0
2008,Washoe,RENO-VERDI 9300 (MP),0
2008,Washoe,RENO-VERDI 9301 (MP),0
2008,Washoe,RENO-VERDI 9303 (MP),0
2008,Washoe,RENO-VERDI 9306 (MP),0
2008,Washoe,RENO-VERDI 9307 (MP),0
2008,Washoe,RENO-VERDI 9407 (MP),0
2008,Washoe,RENO-VERDI 9504 (MP),0
2008,Washoe,RENO-VERDI 9506 (MP),0
2008,Washoe,RENO-VERDI 9507 (MP),0
2008,Washoe,RENO-VERDI 9510 (MP),0
2008,Washoe,RENO-VERDI 9513 (MP),0
2008,Washoe,RENO-VERDI 9514 (MP),0
2008,Washoe,RENO-VERDI 9515 (MP),0
2008,Washoe,RENO-VERDI 9520 (MP),0
2008,Washoe,RENO-VERDI 9522 (MP),0
2008,Washoe,RENO-VERDI 9523 (MP),0
2008,Washoe,RENO-VERDI 9524 (MP),0
2008,Washoe,RENO-VERDI 9525 (MP),0
2008,Washoe,RENO-VERDI 9527 (MP),0
2008,Washoe,SPARKS 6103 (MP),0
2008,Washoe,SPARKS 6104 (MP),0
2008,Washoe,SPARKS 6207 (MP),0
2008,Washoe,SPARKS 6212 (MP),0
2008,Washoe,SPARKS 6304 (MP),0
2008,Washoe,SPARKS 6420,0
2008,Washoe,SPARKS 6507 (MP),0
2008,Washoe,SPARKS 7421 (MP),0
2008,Washoe,SPARKS 7434,0
2008,Washoe,SPARKS 7530 (MP),0
2008,Washoe,SPARKS 9302 (MP),0
2008,Washoe,SPARKS 9304 (MP),0
2008,Washoe,SPARKS 9402 (MP),0
2008,Washoe,SPARKS 9409 (MP),0
2008,Washoe,SPARKS 9410 (MP),0
2008,Washoe,SPARKS 9411 (MP),0
2008,Washoe,SPARKS 9412 (MP),0
2008,Washoe,SPARKS 9413 (MP),0
2008,Washoe,SPARKS 9414 (MP),0
2008,Washoe,SPARKS 9416 (MP),0
2008,Washoe,SPARKS 9417 (MP),0
2008,Washoe,SPARKS 9501(MP),0
2008,Washoe,SPARKS 9503 (MP),0
2008,Washoe,SPARKS 9511 (MP),0
2008,Washoe,SPARKS 9512 (MP),0
2008,Washoe,SPARKS 9516 (MP),0
2008,Washoe,SPARKS 9518 (MP),0
2008,Washoe,SPARKS 9519 (MP),0
2008,Washoe,SPARKS 9526 (MP),0
2008,White Pine,88,0
2008,White Pine,99,0
2010,Clark,2467 - MES,44996
2010,Clark,1527 - HEN,43304
2010,Clark,3530 - LAS,40764
2010,Clark,1515 - MES,39349
2010,Clark,3510 - LAS,39327
2010,Clark,6083 - County,39225
2010,Clark,3549 - LAS,38806
2010,Clark,1003 - BOC,38447
2010,Clark,6482 - County,38325
2010,Clark,1073 - LGH,37688
2010,Clark,1512 - HEN,37569
2010,Clark,3412 - LAS,37497
2010,Clark,3483 - LAS,36875
2010,Clark,3462 - County,36747
2010,Clark,1529 - HEN,36466
2010,Clark,1138 - County,35349
2010,Clark,1310 - County,34787
2010,Clark,6546 - County,34448
2010,Clark,6524 - County,34256
2010,Clark,7380 - County,34242
2010,Clark,3452 - LAS,33949
2010,Clark,1523 - HEN,33935
2010,Clark,3494 - LAS,33571
2010,Clark,1324 - County,33458
2010,Clark,3481 - LAS,33227
2010,Clark,2365 - NLV,32607
2010,Clark,3442 - LAS,31781
2010,Clark,1008 - BOC,31780
2010,Clark,6374 - LAS,31616
2010,Clark,1451 - HEN,31320
2010,Clark,3404 - LAS,31125
2010,Clark,7388 - County,31024
2010,Clark,1007 - BOC,30882
2010,Clark,6534 - County,30750
2010,Clark,1311 - County,30502
2010,Clark,3041 - LAS,30419
2010,Clark,3415 - LAS,30385
2010,Clark,3353 - LAS,30126
2010,Clark,1526 - HEN,30114
2010,Clark,1402 - HEN,30111
2010,Clark,1009 - BOC,30051
2010,Clark,1321 - County,29840
2010,Clark,3219 - LAS,29831
2010,Clark,2432 - County,29748
2010,Clark,3228 - LAS,29705
2010,Clark,3527 - LAS,29471
2010,Clark,3463 - LAS,29185
2010,Clark,3485 - LAS,29122
2010,Clark,7333 - County,29074
2010,Clark,1430 - HEN,29020
2010,Clark,1001 - BOC,28988
2010,Clark,5424 - County,28974
2010,Clark,1472 - HEN,28926
2010,Clark,3214 - LAS,28818
2010,Clark,2350 - LAS,28764
2010,Clark,3351 - LAS,28690
2010,Clark,3482 - LAS,28653
2010,Clark,3508 - LAS,28603
2010,Clark,1322 - County,28588
2010,Clark,3330 - County,28588
2010,Clark,3444 - County,28574
2010,Clark,1530 - BOC,28559
2010,Clark,1149 - HEN,28545
2010,Clark,1469 - HEN,28506
2010,Clark,2435 - County,28492
2010,Clark,6421 - County,28465
2010,Clark,6441 - County,28386
2010,Clark,1490 - HEN,28330
2010,Clark,1002 - BOC,28186
2010,Clark,2351 - LAS,28182
2010,Clark,3541 - LAS,28106
2010,Clark,2434 - County,28068
2010,Clark,3324 - County,27892
2010,Clark,3390 - LAS,27834
2010,Clark,1492 - HEN,27543
2010,Clark,1531 - MVA,27304
2010,Clark,3548 - LAS,27155
2010,Clark,1010 - BOC,27049
2010,Clark,1480 - HEN,26914
2010,Clark,3424 - LAS,26779
2010,Clark,1325 - County,26731
2010,Clark,3450 - LAS,26623
2010,Clark,7317 - County,26611
2010,Clark,7369 - HEN,26603
2010,Clark,1468 - HEN,26457
2010,Clark,1005 - BOC,26368
2010,Clark,1482 - HEN,26363
2010,Clark,6432 - County,26348
2010,Clark,2133 - County,26186
2010,Clark,1142 - County,26181
2010,Clark,3491 - LAS,26097
2010,Clark,7005 - HEN,26079
2010,Clark,1355 - County,26043
2010,Clark,3360 - LAS,26028
2010,Carson City,311,25983
2010,Clark,3130 - LAS,25872
2010,Clark,3352 - LAS,25850
2010,Clark,1323 - County,25695
2010,Clark,7315 - County,25672
2010,Clark,3472 - LAS,25653
2010,Clark,1551 - HEN,25520
2010,Clark,5423 - County,25198
2010,Clark,3042 - LAS,25193
2010,Clark,1312 - County,25180
2010,Clark,2375 - NLV,25173
2010,Clark,1455 - HEN,25167
2010,Clark,3320 - LAS,25165
2010,Clark,3484 - County,25096
2010,Clark,2364 - NLV,25060
2010,Clark,1465 - HEN,25058
2010,Clark,3461 - County,25055
2010,Clark,7391 - County,25041
2010,Clark,3034 - LAS,25036
2010,Clark,7321 - County,24981
2010,Clark,3443 - LAS,24913
2010,Clark,6479 - County,24870
2010,Clark,5344 - County,24824
2010,Clark,3229 - LAS,24655
2010,Clark,1405 - HEN,24652
2010,Clark,7328 - County,24640
2010,Clark,1006 - BOC,24619
2010,Clark,7374 - County,24508
2010,Clark,3520 - LAS,24400
2010,Clark,5322 - County,24395
2010,Clark,2439 - NLV,24375
2010,Clark,3341 - LAS,24347
2010,Clark,3601 - LAS,24340
2010,Clark,1404 - HEN,24330
2010,Clark,3313 - County,24211
2010,Clark,3502 - LAS,24167
2010,Clark,5320 - LAS,24067
2010,Clark,1449 - County,24051
2010,Clark,7412 - HEN,23934
2010,Clark,2395 - NLV,23892
2010,Clark,7377 - County,23843
2010,Clark,7375 - County,23780
2010,Clark,3550 - LAS,23751
2010,Clark,6450 - County,23740
2010,Clark,7086 - County,23733
2010,Clark,7423 - County,23621
2010,Clark,3038 - LAS,23599
2010,Clark,1484 - HEN,23521
2010,Clark,1305 - County,23516
2010,Clark,7424 - County,23508
2010,Clark,3225 - LAS,23464
2010,Clark,1113 - HEN,23370
2010,Clark,1392 - HEN,23357
2010,Clark,1433 - HEN,23340
2010,Clark,1163 - HEN,23302
2010,Clark,2300 - LAS,23261
2010,Clark,6375 - LAS,23245
2010,Clark,3495 - LAS,23229
2010,Clark,2311 - LAS,23228
2010,Clark,5416 - County,23205
2010,Clark,1421 - HEN,23101
2010,Clark,6069 - County,23045
2010,Clark,2346 - LAS,22938
2010,Clark,3500 - LAS,22735
2010,Clark,7324 - County,22648
2010,Clark,1494 - HEN,22608
2010,Clark,5421 - County,22594
2010,Clark,6541 - County,22541
2010,Clark,5415 - County,22485
2010,Clark,7345 - HEN,22477
2010,Clark,3600 - LAS,22475
2010,Clark,2312 - LAS,22472
2010,Clark,3501 - LAS,22387
2010,Clark,1467 - HEN,22372
2010,Clark,7386 - County,22345
2010,Clark,7326 - County,22335
2010,Clark,5351 - LAS,22315
2010,Clark,4424 - County,22313
2010,Clark,6380 - LAS,22194
2010,Clark,1453 - HEN,22162
2010,Clark,1470 - HEN,22162
2010,Clark,3504 - County,22013
2010,Clark,5398 - County,21834
2010,Clark,5353 - County,21799
2010,Clark,2454 - LAS,21791
2010,Clark,1461 - HEN,21722
2010,Clark,3470 - LAS,21629
2010,Clark,1127 - HEN,21515
2010,Clark,1456 - HEN,21406
2010,Clark,7314 - County,21394
2010,Clark,6444 - County,21309
2010,Clark,5411 - County,21285
2010,Clark,3505 - LAS,21261
2010,Clark,4301 - NLV,21242
2010,Clark,3362 - LAS,21236
2010,Clark,3332 - County,21223
2010,Clark,3323 - LAS,21220
2010,Clark,6079 - County,21188
2010,Clark,3445 - County,21149
2010,Clark,1313 - County,21058
2010,Clark,1082 - HEN,21047
2010,Clark,7052 - County,21036
2010,Clark,3420 - LAS,20995
2010,Clark,3227 - LAS,20975
2010,Clark,6460 - County,20893
2010,Clark,1424 - HEN,20890
2010,Clark,6454 - County,20885
2010,Clark,6343 - LAS,20777
2010,Clark,5432 - County,20764
2010,Clark,2451 - LAS,20729
2010,Clark,3509 - LAS,20726
2010,Clark,3337 - County,20720
2010,Clark,6451 - County,20711
2010,Clark,6455 - County,20694
2010,Clark,1435 - HEN,20683
2010,Clark,6510 - County,20654
2010,Clark,5024 - County,20631
2010,Clark,3350 - LAS,20623
2010,Clark,1420 - HEN,20586
2010,Clark,4376 - LAS,20538
2010,Clark,6472 - County,20532
2010,Clark,6300 - LAS,20460
2010,Clark,7335 - County,20378
2010,Clark,3469 - LAS,20326
2010,Clark,3321 - LAS,20245
2010,Clark,6523 - County,20227
2010,Clark,3334 - County,20209
2010,Clark,6480 - County,20198
2010,Clark,3449 - County,20166
2010,Clark,5355 - County,20132
2010,Clark,4330 - LAS,20049
2010,Clark,5352 - LAS,20006
2010,Clark,5304 - County,20001
2010,Clark,6332 - LAS,19982
2010,Clark,3090 - LAS,19979
2010,Clark,3471 - LAS,19954
2010,Clark,1493 - HEN,19931
2010,Clark,3344 - LAS,19864
2010,Clark,7083 - County,19854
2010,Clark,1078 - HEN,19836
2010,Clark,3089 - LAS,19804
2010,Clark,3423 - LAS,19698
2010,Clark,1481 - HEN,19662
2010,Clark,2305 - LAS,19658
2010,Clark,1452 - HEN,19631
2010,Clark,6013 - LAS,19594
2010,Clark,6355 - LAS,19583
2010,Clark,6350 - LAS,19580
2010,Clark,3127 - LAS,19543
2010,Clark,3335 - County,19526
2010,Clark,7365 - HEN,19507
2010,Clark,2306 - LAS,19506
2010,Clark,6433 - County,19421
2010,Clark,2314 - LAS,19420
2010,Clark,7342 - HEN,19416
2010,Clark,5387 - County,19390
2010,Clark,5422 - County,19390
2010,Washoe,SPARKS 6407,19363
2010,Clark,1516 - MES,19203
2010,Clark,3514 - LAS,19178
2010,Clark,4360 - LAS,19177
2010,Clark,4311 - NLV,19091
2010,Clark,6396 - LAS,19072
2010,Clark,1108 - HEN,19007
2010,Clark,1116 - HEN,18862
2010,Clark,7394 - HEN,18840
2010,Clark,7303 - County,18824
2010,Clark,6073 - County,18813
2010,Clark,6401 - LAS,18811
2010,Clark,7036 - County,18773
2010,Clark,5325 - County,18754
2010,Clark,6363 - LAS,18753
2010,Clark,2342 - LAS,18731
2010,Clark,7033 - County,18720
2010,Clark,2482 - NLV,18708
2010,Clark,2374 - NLV,18667
2010,Clark,3220 - LAS,18599
2010,Washoe,SPARKS 7411,18566
2010,Clark,6465 - County,18550
2010,Clark,6452 - County,18514
2010,Clark,3401 - LAS,18473
2010,Clark,6305 - LAS,18472
2010,Clark,4466 - LAS,18470
2010,Clark,2404 - NLV,18412
2010,Clark,6481 - County,18355
2010,Clark,7404 - HEN,18344
2010,Clark,3129 - LAS,18299
2010,Clark,6342 - LAS,18194
2010,Washoe,RENO-VERDI 2055,18160
2010,Clark,7390 - County,18128
2010,Clark,7046 - County,18124
2010,Clark,3342 - LAS,18112
2010,Clark,1522 - HEN,18095
2010,Clark,4365 - LAS,17946
2010,Clark,1524 - HEN,17901
2010,Clark,1124 - HEN,17883
2010,Clark,2310 - LAS,17870
2010,Clark,4416 - NLV,17842
2010,Clark,2301 - LAS,17803
2010,Clark,4430 - County,17763
2010,Clark,3333 - County,17747
2010,Clark,3322 - LAS,17697
2010,Clark,4380 - LAS,17678
2010,Clark,1316 - County,17648
2010,Clark,1423 - HEN,17564
2010,Clark,3507 - LAS,17539
2010,Clark,2422 - County,17538
2010,Clark,6461 - County,17520
2010,Clark,2362 - NLV,17510
2010,Clark,6354 - LAS,17473
2010,Clark,6323 - LAS,17433
2010,Clark,4325 - LAS,17386
2010,Clark,5383 - LAS,17370
2010,Clark,2461 - LAS,17287
2010,Clark,4385 - LAS,17259
2010,Clark,1401 - HEN,17238
2010,Clark,5414 - County,17231
2010,Clark,1440 - HEN,17174
2010,Clark,6445 - County,17163
2010,Clark,1308 - County,17133
2010,Clark,6360 - LAS,17105
2010,Clark,1350 - County,17064
2010,Clark,5035 - County,17054
2010,Clark,3506 - LAS,17031
2010,Clark,1445 - HEN,17030
2010,Clark,3434 - LAS,16940
2010,Clark,1442 - HEN,16902
2010,Clark,7382 - County,16872
2010,Clark,3035 - LAS,16829
2010,Clark,3355 - LAS,16814
2010,Clark,5385 - LAS,16806
2010,Clark,2325 - LAS,16775
2010,Clark,6404 - County,16771
2010,Clark,5031 - County,16721
2010,Clark,1300 - County,16708
2010,Clark,3326 - LAS,16684
2010,Clark,3603 - LAS,16651
2010,Clark,7392 - HEN,16639
2010,Clark,6491 - County,16629
2010,Clark,1463 - HEN,16606
2010,Clark,6071 - County,16486
2010,Clark,6352 - LAS,16471
2010,Clark,6476 - County,16447
2010,Clark,1532 - MVA,16385
2010,Clark,5016 - County,16334
2010,Clark,4468 - LAS,16313
2010,Clark,7330 - County,16273
2010,Washoe,RENO-VERDI 1028,16254
2010,Clark,2459 - NLV,16229
2010,Clark,4460 - LAS,16181
2010,Clark,5401 - County,16148
2010,Clark,5315 - LAS,16130
2010,Clark,1400 - HEN,16069
2010,Clark,6325 - LAS,16065
2010,Clark,2455 - LAS,16040
2010,Clark,1454 - HEN,15910
2010,Clark,6478 - County,15905
2010,Clark,3556 - LAS,15885
2010,Clark,7331 - County,15843
2010,Clark,6403 - LAS,15782
2010,Clark,1508 - HEN,15687
2010,Clark,6420 - County,15684
2010,Clark,3331 - County,15626
2010,Clark,2460 - LAS,15586
2010,Clark,7343 - HEN,15501
2010,Clark,5374 - County,15477
2010,Clark,5354 - County,15414
2010,Clark,2367 - NLV,15363
2010,Clark,7425 - County,15348
2010,Clark,2431 - County,15339
2010,Clark,2302 - LAS,15302
2010,Clark,3422 - LAS,15244
2010,Clark,7313 - County,15209
2010,Clark,2363 - NLV,15191
2010,Clark,6334 - LAS,15127
2010,Clark,7393 - HEN,15095
2010,Clark,3403 - LAS,15083
2010,Clark,1357 - County,15069
2010,Clark,1450 - HEN,15066
2010,Clark,6483 - County,14956
2010,Clark,3490 - LAS,14948
2010,Clark,2452 - LAS,14939
2010,Clark,1443 - HEN,14902
2010,Clark,4320 - LAS,14902
2010,Clark,1301 - County,14759
2010,Clark,6067 - County,14695
2010,Clark,1413 - County,14654
2010,Clark,6361 - LAS,14639
2010,Clark,4464 - LAS,14579
2010,Clark,7376 - County,14576
2010,Clark,7302 - County,14540
2010,Clark,2433 - County,14456
2010,Clark,4383 - LAS,14449
2010,Clark,2424 - NLV,14428
2010,Washoe,SPARKS 6201,14415
2010,Washoe,SPARKS 6517,14340
2010,Clark,6543 - County,14279
2010,Clark,6453 - County,14215
2010,Clark,5336 - County,14193
2010,Clark,3575 - LAS,14092
2010,Clark,5386 - County,14092
2010,Clark,7421 - HEN,14043
2010,Clark,6414 - County,14026
2010,Clark,1500 - HEN,13998
2010,Clark,2453 - LAS,13998
2010,Clark,7061 - County,13962
2010,Clark,6074 - County,13915
2010,Clark,7300 - County,13859
2010,Clark,6442 - County,13857
2010,Clark,6344 - LAS,13631
2010,Clark,3340 - LAS,13589
2010,Clark,3421 - LAS,13535
2010,Clark,7363 - HEN,13455
2010,Clark,1004 - BOC,13412
2010,Clark,1479 - HEN,13356
2010,Clark,1477 - HEN,13352
2010,Clark,1441 - HEN,13345
2010,Clark,1422 - HEN,13308
2010,Clark,2413 - County,13210
2010,Clark,3345 - LAS,13191
2010,Clark,6340 - LAS,13190
2010,Clark,4374 - LAS,13173
2010,Clark,5380 - County,13116
2010,Clark,4371 - LAS,13092
2010,Clark,7038 - County,13040
2010,Clark,3312 - LAS,13038
2010,Clark,2426 - NLV,13011
2010,Washoe,RENO-VERDI 3037,12967
2010,Clark,7304 - County,12841
2010,Clark,5363 - County,12830
2010,Clark,6394 - LAS,12820
2010,Clark,6310 - LAS,12817
2010,Clark,3525 - LAS,12751
2010,Clark,3343 - LAS,12711
2010,Clark,7346 - HEN,12681
2010,Clark,2420 - County,12659
2010,Clark,6392 - LAS,12555
2010,Washoe,SPARKS 6402,12490
2010,Clark,1444 - HEN,12456
2010,Clark,1112 - HEN,12445
2010,Clark,6351 - LAS,12433
2010,Clark,7060 - County,12338
2010,Clark,5305 - County,12285
2010,Clark,1165 - HEN,12267
2010,Clark,2412 - County,12261
2010,Clark,6373 - LAS,12251
2010,Washoe,SPARKS 6112,12244
2010,Clark,1425 - HEN,12180
2010,Clark,5392 - County,12147
2010,Clark,7301 - County,12091
2010,Clark,1478 - HEN,12085
2010,Clark,3526 - LAS,12057
2010,Clark,6311 - LAS,12041
2010,Clark,5340 - County,11955
2010,Clark,5365 - County,11934
2010,Washoe,SPARKS 6504,11908
2010,Clark,2425 - NLV,11818
2010,Clark,3384 - LAS,11799
2010,Clark,2361 - NLV,11798
2010,Clark,1017 - BUN,11787
2010,Clark,4347 - LAS,11777
2010,Clark,1060 - County,11761
2010,Clark,1319 - County,11731
2010,Clark,7420 - HEN,11675
2010,Clark,5361 - County,11507
2010,Clark,5381 - County,11478
2010,Clark,7308 - County,11463
2010,Clark,3569 - LAS,11447
2010,Clark,6462 - County,11424
2010,Clark,6034 - LAS,11382
2010,Clark,7389 - County,11339
2010,Clark,7340 - County,11327
2010,Clark,1460 - HEN,11319
2010,Clark,2321 - LAS,11262
2010,Clark,5373 - County,11192
2010,Clark,1317 - County,11116
2010,Clark,5371 - County,11060
2010,Clark,5303 - County,10966
2010,Clark,2048 - LAS,10930
2010,Clark,5364 - County,10930
2010,Clark,6464 - County,10907
2010,Clark,1123 - HEN,10864
2010,Carson City,213,10854
2010,Clark,6391 - LAS,10828
2010,Clark,4031 - LAS,10791
2010,Clark,2047 - LAS,10762
2010,Clark,2322 - LAS,10742
2010,Clark,7385 - County,10652
2010,Clark,7381 - County,10534
2010,Clark,3536 - County,10511
2010,Clark,4312 - NLV,10486
2010,Clark,2345 - LAS,10423
2010,Clark,1314 - County,10406
2010,Clark,6443 - County,10337
2010,Clark,3402 - LAS,10243
2010,Clark,6542 - County,10220
2010,Clark,4465 - LAS,10210
2010,Washoe,SPARKS 6404,10148
2010,Clark,6425 - County,10145
2010,Washoe,SPARKS 7535,10086
2010,Clark,6341 - LAS,10050
2010,Clark,6516 - County,10012
2010,Clark,3400 - LAS,9976
2010,Clark,7071 - County,9933
2010,Clark,1462 - HEN,9878
2010,Clark,3120 - LAS,9855
2010,Clark,6393 - LAS,9806
2010,Clark,5360 - County,9784
2010,Clark,3396 - LAS,9772
2010,Clark,7319 - County,9742
2010,Clark,6382 - LAS,9706
2010,Clark,6068 - County,9607
2010,Washoe,RENO-VERDI 7311,9588
2010,Clark,6333 - LAS,9584
2010,Clark,3394 - LAS,9535
2010,Clark,7309 - County,9382
2010,Clark,7316 - County,9372
2010,Clark,4370 - LAS,9346
2010,Clark,1347 - HEN,9328
2010,Clark,6304 - County,9328
2010,Clark,4364 - LAS,9221
2010,Clark,4417 - NLV,9189
2010,Clark,2418 - County,9135
2010,Washoe,SPARKS 6426,9119
2010,Clark,4425 - County,9019
2010,Clark,3336 - County,9009
2010,Clark,4410 - NLV,8954
2010,Clark,6381 - LAS,8915
2010,Clark,5370 - County,8909
2010,Clark,7323 - County,8839
2010,Clark,7370 - LAS,8800
2010,Clark,1434 - HEN,8791
2010,Clark,5300 - LAS,8779
2010,Clark,3314 - County,8729
2010,Clark,1109 - HEN,8585
2010,Clark,1393 - HEN,8548
2010,Clark,1466 - HEN,8546
2010,Clark,1491 - HEN,8482
2010,Clark,2333 - LAS,8475
2010,Clark,7364 - HEN,8401
2010,Clark,6430 - County,8303
2010,Clark,6413 - County,8171
2010,Clark,4443 - County,8115
2010,Clark,7383 - County,7998
2010,Clark,6370 - LAS,7928
2010,Clark,3425 - LAS,7888
2010,Clark,5334 - County,7873
2010,Clark,4396 - NLV,7866
2010,Clark,2462 - LAS,7829
2010,Clark,7384 - County,7826
2010,Clark,3315 - County,7738
2010,Clark,4355 - LAS,7700
2010,Clark,6473 - County,7671
2010,Clark,4343 - LAS,7663
2010,Clark,1432 - HEN,7650
2010,Clark,2448 - NLV,7646
2010,Clark,4375 - LAS,7638
2010,Clark,5402 - County,7589
2010,Clark,2122 - County,7583
2010,Clark,4353 - LAS,7541
2010,Clark,3311 - LAS,7492
2010,Clark,5343 - County,7421
2010,Washoe,RENO-VERDI 4004,7376
2010,Clark,7305 - County,7359
2010,Clark,1403 - HEN,7314
2010,Clark,1412 - County,7284
2010,Clark,3303 - County,7245
2010,Clark,3325 - County,7188
2010,Clark,2332 - LAS,7163
2010,Clark,4403 - NLV,7109
2010,Washoe,RENO-VERDI 2003,7109
2010,Washoe,RENO-VERDI 4049,7103
2010,Washoe,RENO-VERDI 5057,7029
2010,Clark,4426 - County,6988
2010,Clark,7350 - HEN,6984
2010,Clark,4455 - LAS,6932
2010,Clark,7336 - County,6847
2010,Clark,6385 - LAS,6832
2010,Clark,6372 - LAS,6829
2010,Washoe,RENO-VERDI 8270,6801
2010,Clark,6532 - County,6698
2010,Clark,2307 - LAS,6665
2010,Washoe,RENO-VERDI 8278,6624
2010,Clark,3531 - County,6612
2010,Clark,5362 - County,6607
2010,Clark,4386 - LAS,6539
2010,Clark,6390 - LAS,6522
2010,Washoe,RENO-VERDI 2008,6522
2010,Washoe,SPARKS 6505,6516
2010,Clark,5342 - County,6470
2010,Washoe,SPARKS 6509,6464
2010,Clark,4414 - NLV,6451
2010,Washoe,SPARKS 6506,6415
2010,Clark,5321 - County,6353
2010,Clark,4441 - County,6345
2010,Clark,6312 - LAS,6319
2010,Clark,7070 - County,6288
2010,Clark,7325 - County,6275
2010,Clark,2355 - LAS,6271
2010,Clark,2414 - County,6269
2010,Clark,7373 - LAS,6236
2010,Clark,4356 - LAS,6207
2010,Clark,4436 - County,6185
2010,Washoe,SPARKS 6419,6135
2010,Clark,2370 - NLV,5885
2010,Clark,5313 - LAS,5815
2010,Clark,4321 - LAS,5789
2010,Clark,4348 - LAS,5783
2010,Clark,4394 - NLV,5778
2010,Clark,4433 - County,5753
2010,Clark,6320 - LAS,5731
2010,Clark,2313 - LAS,5680
2010,Clark,5391 - County,5672
2010,Clark,6400 - LAS,5633
2010,Clark,1416 - HEN,5597
2010,Washoe,RENO-VERDI 2005,5468
2010,Clark,3300 - County,5395
2010,Clark,4452 - LAS,5370
2010,Clark,2470 - MOA,5365
2010,Clark,3453 - LAS,5354
2010,Clark,2471 - MOA,5347
2010,Clark,4451 - LAS,5272
2010,Clark,3577 - County,5248
2010,Clark,5314 - County,5216
2010,Clark,6365 - LAS,5067
2010,Clark,6384 - LAS,5014
2010,Washoe,RENO-VERDI 5029,5002
2010,Clark,2334 - County,4973
2010,Clark,4440 - County,4917
2010,Clark,4300 - NLV,4852
2010,Clark,1464 - HEN,4737
2010,Clark,3301 - LAS,4733
2010,Washoe,RENO-VERDI 7310,4726
2010,Clark,6383 - LAS,4712
2010,Washoe,RENO-VERDI 1037,4699
2010,Clark,6485 - County,4686
2010,Clark,1501 - HEN,4646
2010,Clark,3186 - County,4643
2010,Clark,6474 - County,4640
2010,Clark,2427 - County,4597
2010,Clark,6324 - County,4531
2010,Clark,2339 - County,4490
2010,Clark,5316 - LAS,4475
2010,Clark,4351 - LAS,4374
2010,Washoe,RENO-VERDI 8215,4058
2010,Clark,7362 - HEN,4042
2010,Clark,3411 - LAS,3985
2010,Clark,5075 - County,3933
2010,Clark,6353 - LAS,3884
2010,Clark,6411 - County,3878
2010,Clark,4393 - NLV,3845
2010,Washoe,RENO-VERDI 2059,3802
2010,Clark,2341 - LAS,3798
2010,Clark,4413 - NLV,3798
2010,Clark,2331 - LAS,3780
2010,Clark,1476 - HEN,3772
2010,Washoe,RENO-VERDI 7544,3735
2010,Clark,4422 - NLV,3717
2010,Clark,6364 - LAS,3652
2010,Washoe,SPARKS 7515,3642
2010,Clark,6330 - LAS,3581
2010,Clark,4361 - LAS,3545
2010,Clark,4412 - NLV,3500
2010,Clark,4431 - County,3473
2010,Clark,2410 - NLV,3415
2010,Clark,6331 - LAS,3409
2010,Clark,3316 - County,3321
2010,Clark,4341 - LAS,3297
2010,Clark,4382 - LAS,3294
2010,Clark,2336 - County,3202
2010,Clark,3480 - County,3188
2010,Clark,4302 - NLV,3182
2010,Clark,4420 - NLV,3180
2010,Clark,4331 - LAS,3154
2010,Washoe,RENO-VERDI 7301,3114
2010,Clark,4402 - NLV,3108
2010,Clark,6423 - County,3098
2010,Washoe,RENO-VERDI 2052,3059
2010,Clark,2323 - LAS,3055
2010,Clark,3459 - County,3026
2010,Clark,3515 - County,3006
2010,Clark,3497 - County,2988
2010,Clark,4462 - LAS,2953
2010,Clark,4397 - NLV,2772
2010,Clark,3511 - County,2769
2010,Clark,6321 - County,2756
2010,Clark,5302 - County,2754
2010,Washoe,RENO-VERDI 8262,2745
2010,Clark,4392 - NLV,2725
2010,Clark,4373 - LAS,2670
2010,Clark,4444 - County,2663
2010,Clark,2104 - County,2613
2010,Clark,5341 - County,2577
2010,Clark,4372 - LAS,2571
2010,Clark,2347 - County,2546
2010,Clark,7372 - LAS,2379
2010,Washoe,RENO-VERDI 2001,2304
2010,Washoe,SPARKS 7409 (MP),2287
2010,Clark,5331 - County,2243
2010,Clark,4411 - NLV,2228
2010,Clark,3555 - County,2190
2010,Washoe,RENO-VERDI 8248,2102
2010,Washoe,RENO-VERDI 4013,2092
2010,Washoe,SPARKS 6102,2057
2010,Clark,2423 - County,2039
2010,Clark,4323 - County,1991
2010,Washoe,RENO-VERDI 4006,1972
2010,Clark,4050 - LAS,1949
2010,Washoe,RENO-VERDI 8241,1930
2010,Clark,4350 - LAS,1923
2010,Clark,2340 - County,1920
2010,Clark,3570 - County,1865
2010,Clark,3354 - LAS,1861
2010,Clark,6335 - County,1844
2010,Clark,3493 - County,1840
2010,Clark,2320 - County,1802
2010,Washoe,RENO-VERDI 3033,1788
2010,Clark,4435 - County,1781
2010,Clark,2326 - LAS,1744
2010,Clark,4427 - County,1706
2010,Washoe,GER-WADS 7423,1699
2010,Clark,2335 - County,1678
2010,Clark,5312 - LAS,1633
2010,Clark,4022 - NLV,1611
2010,Clark,2416 - County,1599
2010,Clark,4352 - LAS,1574
2010,Clark,7310 - County,1572
2010,Clark,4453 - LAS,1517
2010,Clark,6525 - County,1493
2010,Clark,6038 - County,1454
2010,Washoe,RENO-VERDI 7539 (MP),1452
2010,Clark,4401 - NLV,1448
2010,Washoe,SPARKS 6412,1448
2010,Clark,7307 - County,1425
2010,Clark,9993 - PROVISIONAL,1415
2010,Clark,4035 - LAS,1383
2010,Clark,3454 - LAS,1362
2010,Clark,7367 - County,1352
2010,Clark,7371 - LAS,1345
2010,Washoe,RENO-VERDI 8244,1341
2010,Clark,6371 - LAS,1315
2010,Clark,6322 - LAS,1314
2010,Clark,3310 - LAS,1309
2010,Clark,1306 - County,1307
2010,Clark,4391 - NLV,1298
2010,Clark,1457 - County,1286
2010,Clark,5306 - County,1205
2010,Washoe,RENO-VERDI 4011,1161
2010,Washoe,RENO-VERDI 4010,1146
2010,Clark,4019 - NLV,1133
2010,Clark,9991 - PROVISIONAL,1123
2010,Washoe,RENO-VERDI 1019,1115
2010,Clark,3512 - County,1109
2010,Clark,6031 - LAS,1067
2010,Clark,6315 - County,1050
2010,Clark,7077 - County,999
2010,Clark,4344 - LAS,996
2010,Washoe,RENO-VERDI 2012,964
2010,Clark,4445 - County,953
2010,Clark,4442 - County,943
2010,Clark,3440 - County,940
2010,Clark,4363 - LAS,931
2010,Clark,4450 - LAS,925
2010,Clark,3446 - LAS,921
2010,Clark,3543 - County,898
2010,Clark,3488 - County,894
2010,Washoe,RENO-VERDI 8288,881
2010,Washoe,RENO-VERDI 8242,879
2010,Clark,1448 - County,834
2010,Clark,5301 - County,795
2010,Clark,1535 - County,777
2010,Washoe,PROV,757
2010,Clark,4432 - County,756
2010,Clark,3487 - County,742
2010,Clark,2428 - County,741
2010,Washoe,RENO-VERDI 8228,727
2010,Clark,4345 - LAS,723
2010,Clark,3477 - County,714
2010,Clark,3519 - County,697
2010,Clark,5335 - County,656
2010,Clark,7344 - HEN,656
2010,Clark,1050 - County,642
2010,Clark,3523 - County,630
2010,Clark,2348 - County,620
2010,Clark,4340 - LAS,575
2010,Clark,3533 - County,567
2010,Clark,3436 - LAS,556
2010,Clark,3521 - County,548
2010,Clark,4342 - LAS,540
2010,Clark,2472 - MOA,530
2010,Clark,3302 - LAS,529
2010,Clark,2106 - County,507
2010,Washoe,RENO-VERDI 8251,490
2010,Clark,4428 - NLV,487
2010,Washoe,RENO-VERDI 8223,454
2010,Washoe,RENO-VERDI 8131,438
2010,Clark,3432 - LAS,437
2010,Clark,3563 - County,436
2010,Clark,2475 - MOA,433
2010,Washoe,RENO-VERDI 8230,410
2010,Washoe,RENO-VERDI 7511,388
2010,Washoe,RENO-VERDI 7303,384
2010,Washoe,RENO-VERDI 8252,383
2010,Washoe,RENO-VERDI 8281,349
2010,Washoe,RENO-VERDI 8120,292
2010,Washoe,RENO-VERDI 8255,256
2010,Washoe,SPARKS 7305,220
2010,Washoe,SPARKS 7419,207
2010,Clark,1534 - County,189
2010,Clark,9003 - OVR,144
2010,Clark,9001 - OVR,80
2010,Washoe,FOC,61
2010,Clark,9992 - PROVISIONAL,26
2010,Clark,4405 - NLV,20
2010,Carson City,999,0
2010,Churchill,99,0
2010,Clark,1131 - HEN,0
2010,Clark,1132 - County,0
2010,Clark,1169- BOC,0
2010,Clark,1315 - County,0
2010,Clark,1360 - County,0
2010,Clark,1362 - HEN,0
2010,Clark,1370 - County,0
2010,Clark,1373 - County,0
2010,Clark,1388 -  HEN,0
2010,Clark,1471 - HEN,0
2010,Clark,1474 - HEN,0
2010,Clark,1475 - County,0
2010,Clark,1486 - HEN,0
2010,Clark,1496 - BOC,0
2010,Clark,1502 - County,0
2010,Clark,1503 - County,0
2010,Clark,1536 - County,0
2010,Clark,1537 - County,0
2010,Clark,1538 - County,0
2010,Clark,1539 - County,0
2010,Clark,1540 - County,0
2010,Clark,1541 - County,0
2010,Clark,1542 - County,0
2010,Clark,2050 - LAS,0
2010,Clark,2052 - LAS,0
2010,Clark,2319 - County,0
2010,Clark,2324 - LAS,0
2010,Clark,2328 - LAS,0
2010,Clark,2329 - LAS,0
2010,Clark,2337 - County,0
2010,Clark,2338 - LAS,0
2010,Clark,2343 - County,0
2010,Clark,2344 - LAS,0
2010,Clark,2349 - LAS,0
2010,Clark,2357 - LAS,0
2010,Clark,2358 - LAS,0
2010,Clark,2415 - County,0
2010,Clark,2421 - County,0
2010,Clark,2437 - County,0
2010,Clark,2438 - NLV,0
2010,Clark,2442 - County,0
2010,Clark,2443 - County,0
2010,Clark,2450 - LAS,0
2010,Clark,2485 - County,0
2010,Clark,3147 - County,0
2010,Clark,3304 - County,0
2010,Clark,3305 - County,0
2010,Clark,3306 - County,0
2010,Clark,3308 - LAS,0
2010,Clark,3309 - LAS,0
2010,Clark,3441 - County,0
2010,Clark,3455 - County,0
2010,Clark,3456 - County,0
2010,Clark,3466 - LAS,0
2010,Clark,3473 - County,0
2010,Clark,3479 - County,0
2010,Clark,3486 - LAS,0
2010,Clark,3492 - County,0
2010,Clark,3498 - LAS,0
2010,Clark,3499 - County,0
2010,Clark,3516 - County,0
2010,Clark,3522 - County,0
2010,Clark,3524 - LAS,0
2010,Clark,3528 - LAS,0
2010,Clark,3529 - LAS,0
2010,Clark,3551 - LAS,0
2010,Clark,3558 - County,0
2010,Clark,3560 - County,0
2010,Clark,3568 - County,0
2010,Clark,3572 - LAS,0
2010,Clark,3573 - LAS,0
2010,Clark,4332 - LAS,0
2010,Clark,4390 - NLV,0
2010,Clark,4395 - NLV,0
2010,Clark,4398 - NLV,0
2010,Clark,4404 - NLV,0
2010,Clark,4421 - NLV,0
2010,Clark,4423 - NLV,0
2010,Clark,5310 - LAS,0
2010,Clark,5366 - County,0
2010,Clark,5367 - County,0
2010,Clark,5382 - County,0
2010,Clark,6301 - LAS,0
2010,Clark,6302 - LAS,0
2010,Clark,6303 - LAS,0
2010,Clark,6314 - LAS,0
2010,Clark,6316 - County,0
2010,Clark,6319 - County,0
2010,Clark,6339 - LAS,0
2010,Clark,6402 - LAS,0
2010,Clark,6410 - County,0
2010,Clark,6489 - County,0
2010,Clark,6501 - HEN,0
2010,Clark,6511 - County,0
2010,Clark,7320 - County,0
2010,Clark,7339 - HEN,0
2010,Clark,7348 - HEN,0
2010,Clark,7349 - HEN,0
2010,Clark,7368 - County,0
2010,Clark,7396 - HEN,0
2010,Clark,7397 - HEN,0
2010,Clark,9002 - OVR,0
2010,Clark,9994- CHAL,0
2010,Douglas,99,0
2010,Elko,99,0
2010,Esmeralda,99,0
2010,Eureka,99,0
2010,Humboldt,99,0
2010,Lander,99,0
2010,Lincoln,99,0
2010,Lyon,99,0
2010,Mineral,99,0
2010,Nye,99,0
2010,Pershing,99,0
2010,Storey,99,0
2010,Washoe,GER-WADS 7422 (MP),0
2010,Washoe,GER-WADS 9400 (MP),0
2010,Washoe,GER-WADS 9404 (MP),0
2010,Washoe,GER-WADS 9405 (MP),0
2010,Washoe,GER-WADS 9406 (MP),0
2010,Washoe,GER-WADS 9408 (MP),0
2010,Washoe,GER-WADS 9415 (MP),0
2010,Washoe,GER-WADS 9419 (MP),0
2010,Washoe,GER-WADS 9420 (MP),0
2010,Washoe,GER-WADS 9421 (MP),0
2010,Washoe,GER-WADS 9422 (MP),0
2010,Washoe,GER-WADS 9423 (MP),0
2010,Washoe,GER-WADS 9424 (MP),0
2010,Washoe,GER-WADS 9425 (MP),0
2010,Washoe,GER-WADS 9521 (MP),0
2010,Washoe,INCLINE VILLAGE 9101 (MP),0
2010,Washoe,INCLINE VILLAGE 9102 (MP),0
2010,Washoe,INCLINE VILLAGE 9105 (MP),0
2010,Washoe,INCLINE VILLAGE 9106 (MP),0
2010,Washoe,INCLINE VILLAGE 9111 (MP),0
2010,Washoe,INCLINE VILLAGE 9116 (MP),0
2010,Washoe,INCLINE VILLAGE 9121 (MP),0
2010,Washoe,RENO-VERDI  4042 (MP),0
2010,Washoe,RENO-VERDI 1004 (MP),0
2010,Washoe,RENO-VERDI 1013 (MP),0
2010,Washoe,RENO-VERDI 1017 (MP),0
2010,Washoe,RENO-VERDI 1048 (MP),0
2010,Washoe,RENO-VERDI 1049,0
2010,Washoe,RENO-VERDI 1050 (MP),0
2010,Washoe,RENO-VERDI 1051 (MP),0
2010,Washoe,RENO-VERDI 1052 (MP),0
2010,Washoe,RENO-VERDI 2002 (MP),0
2010,Washoe,RENO-VERDI 2011 (MP),0
2010,Washoe,RENO-VERDI 2024 (MP),0
2010,Washoe,RENO-VERDI 2038 (MP),0
2010,Washoe,RENO-VERDI 2044 (MP),0
2010,Washoe,RENO-VERDI 2045 (MP),0
2010,Washoe,RENO-VERDI 2046 (MP),0
2010,Washoe,RENO-VERDI 2048 (MP),0
2010,Washoe,RENO-VERDI 2051 (MP),0
2010,Washoe,RENO-VERDI 2053 (MP),0
2010,Washoe,RENO-VERDI 2054 (MP),0
2010,Washoe,RENO-VERDI 2057 (MP),0
2010,Washoe,RENO-VERDI 2060 (MP),0
2010,Washoe,RENO-VERDI 3000 (MP),0
2010,Washoe,RENO-VERDI 3013 (MP),0
2010,Washoe,RENO-VERDI 3034 (MP),0
2010,Washoe,RENO-VERDI 3035 (MP),0
2010,Washoe,RENO-VERDI 4008 (MP),0
2010,Washoe,RENO-VERDI 4015 (MP),0
2010,Washoe,RENO-VERDI 4018 (MP),0
2010,Washoe,RENO-VERDI 4026 (MP),0
2010,Washoe,RENO-VERDI 4028 (MP),0
2010,Washoe,RENO-VERDI 4029 (MP),0
2010,Washoe,RENO-VERDI 4031 (MP),0
2010,Washoe,RENO-VERDI 4048 (MP),0
2010,Washoe,RENO-VERDI 4050 (MP),0
2010,Washoe,RENO-VERDI 5001 (MP),0
2010,Washoe,RENO-VERDI 5015 (MP),0
2010,Washoe,RENO-VERDI 5019 (MP),0
2010,Washoe,RENO-VERDI 5023 (MP),0
2010,Washoe,RENO-VERDI 5043 (MP),0
2010,Washoe,RENO-VERDI 5049 (MP),0
2010,Washoe,RENO-VERDI 5050 (MP),0
2010,Washoe,RENO-VERDI 5051 (MP),0
2010,Washoe,RENO-VERDI 5052 (MP),0
2010,Washoe,RENO-VERDI 5055 (MP),0
2010,Washoe,RENO-VERDI 5058 (MP),0
2010,Washoe,RENO-VERDI 5059,0
2010,Washoe,RENO-VERDI 5060 (MP),0
2010,Washoe,RENO-VERDI 7101,0
2010,Washoe,RENO-VERDI 7510,0
2010,Washoe,RENO-VERDI 7538 (MP),0
2010,Washoe,RENO-VERDI 7549 (MP),0
2010,Washoe,RENO-VERDI 7566 (MB),0
2010,Washoe,RENO-VERDI 7567 (MB),0
2010,Washoe,RENO-VERDI 8121 (MP),0
2010,Washoe,RENO-VERDI 8123,0
2010,Washoe,RENO-VERDI 8124,0
2010,Washoe,RENO-VERDI 8130,0
2010,Washoe,RENO-VERDI 8132 (MP),0
2010,Washoe,RENO-VERDI 8225,0
2010,Washoe,RENO-VERDI 8229,0
2010,Washoe,RENO-VERDI 8231,0
2010,Washoe,RENO-VERDI 8239,0
2010,Washoe,RENO-VERDI 8243,0
2010,Washoe,RENO-VERDI 8246,0
2010,Washoe,RENO-VERDI 8257,0
2010,Washoe,RENO-VERDI 8266,0
2010,Washoe,RENO-VERDI 8267,0
2010,Washoe,RENO-VERDI 8268,0
2010,Washoe,RENO-VERDI 8274,0
2010,Washoe,RENO-VERDI 8279,0
2010,Washoe,RENO-VERDI 8280,0
2010,Washoe,RENO-VERDI 8283,0
2010,Washoe,RENO-VERDI 8284,0
2010,Washoe,RENO-VERDI 8285,0
2010,Washoe,RENO-VERDI 8286,0
2010,Washoe,RENO-VERDI 8287,0
2010,Washoe,RENO-VERDI 8501,0
2010,Washoe,RENO-VERDI 8503,0
2010,Washoe,RENO-VERDI 9100 (MP),0
2010,Washoe,RENO-VERDI 9103 (MP),0
2010,Washoe,RENO-VERDI 9107 (MP),0
2010,Washoe,RENO-VERDI 9108 (MP),0
2010,Washoe,RENO-VERDI 9109 (MP),0
2010,Washoe,RENO-VERDI 9112 (MP),0
2010,Washoe,RENO-VERDI 9113 (MP),0
2010,Washoe,RENO-VERDI 9114 (MP),0
2010,Washoe,RENO-VERDI 9115 (MP),0
2010,Washoe,RENO-VERDI 9117 (MP),0
2010,Washoe,RENO-VERDI 9118 (MP),0
2010,Washoe,RENO-VERDI 9119 (MP),0
2010,Washoe,RENO-VERDI 9120 (MP),0
2010,Washoe,RENO-VERDI 9122 (MP),0
2010,Washoe,RENO-VERDI 9200 (MP),0
2010,Washoe,RENO-VERDI 9202 (MP),0
2010,Washoe,RENO-VERDI 9203 (MP),0
2010,Washoe,RENO-VERDI 9204 (MP),0
2010,Washoe,RENO-VERDI 9205 (MP),0
2010,Washoe,RENO-VERDI 9207 (MP),0
2010,Washoe,RENO-VERDI 9208 (MP),0
2010,Washoe,RENO-VERDI 9209 (MP),0
2010,Washoe,RENO-VERDI 9210 (MP),0
2010,Washoe,RENO-VERDI 9211 (MP),0
2010,Washoe,RENO-VERDI 9212 (MP),0
2010,Washoe,RENO-VERDI 9213 (MP),0
2010,Washoe,RENO-VERDI 9214 (MP),0
2010,Washoe,RENO-VERDI 9215 (MP),0
2010,Washoe,RENO-VERDI 9216 (MP),0
2010,Washoe,RENO-VERDI 9217 (MP),0
2010,Washoe,RENO-VERDI 9218 (MP),0
2010,Washoe,RENO-VERDI 9219 (MP),0
2010,Washoe,RENO-VERDI 9220 (MP),0
2010,Washoe,RENO-VERDI 9221 (MP),0
2010,Washoe,RENO-VERDI 9222 (MP),0
2010,Washoe,RENO-VERDI 9223 (MP),0
2010,Washoe,RENO-VERDI 9224 (MP),0
2010,Washoe,RENO-VERDI 9225 (MP),0
2010,Washoe,RENO-VERDI 9226 (MP),0
2010,Washoe,RENO-VERDI 9227 (MP),0
2010,Washoe,RENO-VERDI 9228 (MP),0
2010,Washoe,RENO-VERDI 9229 (MP),0
2010,Washoe,RENO-VERDI 9230 (MP),0
2010,Washoe,RENO-VERDI 9231 (MP),0
2010,Washoe,RENO-VERDI 9232 (MP),0
2010,Washoe,RENO-VERDI 9233 (MP),0
2010,Washoe,RENO-VERDI 9234 (MP),0
2010,Washoe,RENO-VERDI 9235 (MP),0
2010,Washoe,RENO-VERDI 9236 (MP),0
2010,Washoe,RENO-VERDI 9237 (MP),0
2010,Washoe,RENO-VERDI 9238 (MP),0
2010,Washoe,RENO-VERDI 9239 (MP),0
2010,Washoe,RENO-VERDI 9240 (MP),0
2010,Washoe,RENO-VERDI 9241 (MP),0
2010,Washoe,RENO-VERDI 9242 (MP),0
2010,Washoe,RENO-VERDI 9243 (MP),0
2010,Washoe,RENO-VERDI 9244 (MP),0
2010,Washoe,RENO-VERDI 9300 (MP),0
2010,Washoe,RENO-VERDI 9301 (MP),0
2010,Washoe,RENO-VERDI 9303 (MP),0
2010,Washoe,RENO-VERDI 9305 (MP),0
2010,Washoe,RENO-VERDI 9306 (MP),0
2010,Washoe,RENO-VERDI 9307 (MP),0
2010,Washoe,RENO-VERDI 9407 (MP),0
2010,Washoe,RENO-VERDI 9504 (MP),0
2010,Washoe,RENO-VERDI 9506 (MP),0
2010,Washoe,RENO-VERDI 9507 (MP),0
2010,Washoe,RENO-VERDI 9510 (MP),0
2010,Washoe,RENO-VERDI 9513 (MP),0
2010,Washoe,RENO-VERDI 9514 (MP),0
2010,Washoe,RENO-VERDI 9515 (MP),0
2010,Washoe,RENO-VERDI 9520 (MP),0
2010,Washoe,RENO-VERDI 9522 (MP),0
2010,Washoe,RENO-VERDI 9523 (MP),0
2010,Washoe,RENO-VERDI 9524 (MP),0
2010,Washoe,RENO-VERDI 9525 (MP),0
2010,Washoe,RENO-VERDI 9527 (MP),0
2010,Washoe,RENO-VERDI 9530 (MP),0
2010,Washoe,RENO-VERDI 9533 (MP),0
2010,Washoe,RENO-VERDI 9534 (MP),0
2010,Washoe,RENO-VERDI 9537 (MP),0
2010,Washoe,RENO-VERDI 9538 (MP),0
2010,Washoe,RENO-VERDI 9539 (MP),0
2010,Washoe,SPARKS 6103 (MP),0
2010,Washoe,SPARKS 6104 (MP),0
2010,Washoe,SPARKS 6207 (MP),0
2010,Washoe,SPARKS 6212 (MP),0
2010,Washoe,SPARKS 6304 (MP),0
2010,Washoe,SPARKS 6309,0
2010,Washoe,SPARKS 6315 (MP),0
2010,Washoe,SPARKS 6316 (MP),0
2010,Washoe,SPARKS 6317 (MP),0
2010,Washoe,SPARKS 6420,0
2010,Washoe,SPARKS 6507 (MP),0
2010,Washoe,SPARKS 7400 (MP),0
2010,Washoe,SPARKS 7421 (MP),0
2010,Washoe,SPARKS 7427,0
2010,Washoe,SPARKS 7428 (MP),0
2010,Washoe,SPARKS 7429,0
2010,Washoe,SPARKS 7434,0
2010,Washoe,SPARKS 7503 (MP),0
2010,Washoe,SPARKS 7542 (MP),0
2010,Washoe,SPARKS 7564,0
2010,Washoe,SPARKS 9302 (MP),0
2010,Washoe,SPARKS 9304 (MP),0
2010,Washoe,SPARKS 9409 (MP),0
2010,Washoe,SPARKS 9410 (MP),0
2010,Washoe,SPARKS 9411 (MP),0
2010,Washoe,SPARKS 9412 (MP),0
2010,Washoe,SPARKS 9413 (MP),0
2010,Washoe,SPARKS 9414 (MP),0
2010,Washoe,SPARKS 9416 (MP),0
2010,Washoe,SPARKS 9417 (MP),0
2010,Washoe,SPARKS 9418 (MP),0
2010,Washoe,SPARKS 9501 (MP),0
2010,Washoe,SPARKS 9503 (MP),0
2010,Washoe,SPARKS 9511 (MP),0
2010,Washoe,SPARKS 9512 (MP),0
2010,Washoe,SPARKS 9516 (MP),0
2010,Washoe,SPARKS 9518 (MP),0
2010,Washoe,SPARKS 9519 (MP),0
2010,Washoe,SPARKS 9526 (MP),0
2010,Washoe,SPARKS 9531 (MP),0
2010,Washoe,SPARKS 9532 (MP),0
2010,Washoe,SPARKS 9535 (MP),0
2010,White Pine,99,0
2012,Washoe,205500,16253
2012,Clark,2728 - County,10041
2012,Washoe,640700,6540
2012,Washoe,827800,5017
2012,Washoe,827000,4665
2012,Washoe,205900,3761
2012,Clark,9993 - PROVISIONAL,2719
2012,Washoe,990000,2634
2012,Washoe,754400,2590
2012,Washoe,821500,2582
2012,Clark,9991 - PROVISIONAL,2573
2012,Washoe,303300,2266
2012,Washoe,826200,2069
2012,Clark,9994 - PROVISIONAL,1809
2012,Washoe,610200,1440
2012,Clark,7565 - HEN,1335
2012,Washoe,824400,1051
2012,Washoe,823100,1023
2012,Clark,9003 - UOCAVA,982
2012,Washoe,824100,979
2012,Clark,9004 - UOCAVA,792
2012,Clark,9001 - UOCAVA,628
2012,Washoe,822800,534
2012,Washoe,207500,533
2012,Washoe,822300,345
2012,Washoe,823000,345
2012,Washoe,825100,303
2012,Washoe,825200,262
2012,Washoe,825500,201
2012,Washoe,812000,197
2012,Washoe,828100,192
2012,Nye,88,105
2012,Washoe,970000,105
2012,Clark,9996 - PRESIDENT,84
2012,Douglas,99,63
2012,Washoe,980000,39
2012,Carson City,997,35
2012,Washoe,829500,20
2012,Carson City,998,17
2012,Washoe,204400,12
2012,Washoe,206300,10
2012,Carson City,999,0
2012,Churchill,88,0
2012,Churchill,99,0
2012,Clark,1360 - County,0
2012,Clark,1370 - County,0
2012,Clark,1373 - County,0
2012,Clark,2712 - County,0
2012,Clark,3147 - County,0
2012,Clark,3466 - LAS,0
2012,Clark,3560 - County,0
2012,Clark,9995 - CHALLENGE,0
2012,Douglas,88,0
2012,Elko,88,0
2012,Elko,99,0
2012,Esmeralda,88,0
2012,Esmeralda,99,0
2012,Eureka,88,0
2012,Eureka,99,0
2012,Humboldt,88,0
2012,Humboldt,99,0
2012,Lander,88,0
2012,Lander,99,0
2012,Lincoln,88,0
2012,Lincoln,99,0
2012,Lyon,88,0
2012,Lyon,99,0
2012,Mineral,88,0
2012,Mineral,99,0
2012,Nye,99,0
2012,Pershing,88,0
2012,Pershing,99,0
2012,Storey,88,0
2012,Storey,99,0
2012,Washoe,102100,0
2012,Washoe,104900,0
2012,Washoe,204500,0
2012,Washoe,204600,0
2012,Washoe,205300,0
2012,Washoe,205400,0
2012,Washoe,206100,0
2012,Washoe,206600,0
2012,Washoe,206700,0
2012,Washoe,206900,0
2012,Washoe,207200,0
2012,Washoe,207600,0
2012,Washoe,207700,0
2012,Washoe,207900,0
2012,Washoe,303400,0
2012,Washoe,400800,0
2012,Washoe,402800,0
2012,Washoe,405000,0
2012,Washoe,505000,0
2012,Washoe,505200,0
2012,Washoe,505800,0
2012,Washoe,630400,0
2012,Washoe,732000,0
2012,Washoe,757500,0
2012,Washoe,758000,0
2012,Washoe,812100,0
2012,Washoe,813000,0
2012,Washoe,822900,0
2012,Washoe,823900,0
2012,Washoe,826600,0
2012,Washoe,826700,0
2012,Washoe,826800,0
2012,Washoe,827400,0
2012,Washoe,828700,0
2012,Washoe,828900,0
2012,Washoe,829300,0
2012,Washoe,911400,0
2012,Washoe,911700,0
2012,Washoe,911800,0
2012,Washoe,920500,0
2012,Washoe,921200,0
2012,Washoe,921400,0
2012,Washoe,921500,0
2012,Washoe,921800,0
2012,Washoe,922100,0
2012,Washoe,922200,0
2012,Washoe,922300,0
2012,Washoe,922400,0
2012,Washoe,922700,0
2012,Washoe,922800,0
2012,Washoe,922900,0
2012,Washoe,923000,0
2012,Washoe,923100,0
2012,Washoe,923200,0
2012,Washoe,923300,0
2012,Washoe,923400,0
2012,Washoe,923500,0
2012,Washoe,923600,0
2012,Washoe,923700,0
2012,Washoe,923900,0
2012,Washoe,924000,0
2012,Washoe,924500,0
2012,Washoe,924600,0
2012,Washoe,924700,0
2012,Washoe,931200,0
2012,Washoe,940000,0
2012,Washoe,941500,0
2012,Washoe,941700,0
2012,Washoe,941900,0
2012,Washoe,942000,0
2012,Washoe,942200,0
2012,Washoe,942400,0
2012,Washoe,942500,0
2012,Washoe,950100,0
2012,Washoe,950700,0
2012,Washoe,951200,0
2012,Washoe,951900,0
2012,Washoe,952100,0
2012,Washoe,952600,0
2012,Washoe,952700,0
2012,Washoe,953000,0
2012,Washoe,953500,0
2012,Washoe,953700,0
2012,Washoe,954400,0
2012,Washoe,954500,0
2012,Washoe,955600,0
2012,White Pine,88,0
2012,White Pine,99,0
2014,Washoe,6407,11819
2014,Lyon,E Mason Valley 2,11635
2014,Lyon,W Mason Valley 1,11479
2014,Lyon,E Mason Valley 1,9621
2014,Lyon,W Mason Valley 2,6053
2014,Washoe,8278,5953
2014,Washoe,8270,5547
2014,Washoe,8215,3920
2014,Washoe,7544,3040
2014,Washoe,2059,2984
2014,Washoe,8262,2070
2014,Washoe,7590,2005
2014,Washoe,6102,1426
2014,Washoe,8244,1276
2014,Washoe,3033,1232
2014,Washoe,8241,1198
2014,Washoe,8231,992
2014,Lyon,W Mason Valley 3,886
2014,Washoe,8228,729
2014,Washoe,2075,526
2014,Washoe,8251,361
2014,Washoe,8230,347
2014,Washoe,8223,338
2014,Washoe,8252,301
2014,Washoe,8120,293
2014,Washoe,8281,125
2014,Clark,9994 - PRO,79
2014,Clark,9993 - PRO,59
2014,Clark,9991 - PRO,48
2014,Washoe,9900,35
2014,Clark,9003 - UOCAVA,33
2014,Clark,9001 - UOCAVA,32
2014,Clark,9004 - UOCAVA,11
2014,Carson City,997,0
2014,Carson City,999,0
2014,Churchill,99,0
2014,Clark,1360 - COUNTY,0
2014,Clark,1370 - COUNTY,0
2014,Clark,1373 - COUNTY,0
2014,Clark,2712 - COUNTY,0
2014,Clark,2728 - NLV,0
2014,Clark,3560 - COUNTY,0
2014,Clark,9995 - CHAL,0
2014,Douglas,99,0
2014,Elko,99,0
2014,Esmeralda,99,0
2014,Eureka,99,0
2014,Humboldt,99,0
2014,Lander,99,0
2014,Lincoln,99,0
2014,Lyon,99,0
2014,Mineral,99,0
2014,Nye,99,0
2014,Pershing,99,0
2014,Storey,99,0
2014,Washoe,1049,0
2014,Washoe,2044,0
2014,Washoe,2045,0
2014,Washoe,2046,0
2014,Washoe,2053,0
2014,Washoe,2054,0
2014,Washoe,2055,0
2014,Washoe,2061,0
2014,Washoe,2063,0
2014,Washoe,2066,0
2014,Washoe,2067,0
2014,Washoe,2069,0
2014,Washoe,2076,0
2014,Washoe,2077,0
2014,Washoe,2079,0
2014,Washoe,2082,0
2014,Washoe,3034,0
2014,Washoe,4008,0
2014,Washoe,4028,0
2014,Washoe,4050,0
2014,Washoe,5050,0
2014,Washoe,5052,0
2014,Washoe,5058,0
2014,Washoe,6304,0
2014,Washoe,7320,0
2014,Washoe,7575,0
2014,Washoe,7580,0
2014,Washoe,8121,0
2014,Washoe,8130,0
2014,Washoe,8229,0
2014,Washoe,8255,0
2014,Washoe,8266,0
2014,Washoe,8267,0
2014,Washoe,8268,0
2014,Washoe,8274,0
2014,Washoe,8287,0
2014,Washoe,8289,0
2014,Washoe,8295,0
2014,Washoe,8296,0
2014,Washoe,9114,0
2014,Washoe,9117,0
2014,Washoe,9118,0
2014,Washoe,9205,0
2014,Washoe,9212,0
2014,Washoe,9214,0
2014,Washoe,9215,0
2014,Washoe,9218,0
2014,Washoe,9221,0
2014,Washoe,9222,0
2014,Washoe,9223,0
2014,Washoe,9224,0
2014,Washoe,9228,0
2014,Washoe,9229,0
2014,Washoe,9230,0
2014,Washoe,9231,0
2014,Washoe,9232,0
2014,Washoe,9233,0
2014,Washoe,9234,0
2014,Washoe,9235,0
2014,Washoe,9236,0
2014,Washoe,9237,0
2014,Washoe,9239,0
2014,Washoe,9240,0
2014,Washoe,9245,0
2014,Washoe,9246,0
2014,Washoe,9247,0
2014,Washoe,9252,0
2014,Washoe,9312,0
2014,Washoe,9400,0
2014,Washoe,9415,0
2014,Washoe,9417,0
2014,Washoe,9419,0
2014,Washoe,9420,0
2014,Washoe,9422,0
2014,Washoe,9424,0
2014,Washoe,9425,0
2014,Washoe,9501,0
2014,Washoe,9507,0
2014,Washoe,9512,0
2014,Washoe,9519,0
2014,Washoe,9521,0
2014,Washoe,9526,0
2014,Washoe,9527,0
2014,Washoe,9530,0
2014,Washoe,9535,0
2014,Washoe,9537,0
2014,Washoe,9544,0
2014,Washoe,9545,0
2014,Washoe,9700,0
2014,White Pine,99,0
2016,Washoe,8270,5430
2016,Washoe,7544,3404
2016,Washoe,8215,3048
2016,Clark,9991 - PRO,2255
2016,Washoe,9900,2004
2016,Clark,9993 - PRO,1638
2016,Clark,9994 - PRO,1561
2016,Washoe,8281,211
2016,Nye,88,61
2016,Clark,9996 - COUNTY,38
2016,Washoe,9600,31
2016,Washoe,9800,29
2016,Carson City,997,20
2016,Carson City,998,12
2016,Carson City,999,0
2016,Churchill,88,0
2016,Churchill,99,0
2016,Clark,1370 - COUNTY,0
2016,Clark,2712 - COUNTY,0
2016,Clark,3560 - COUNTY,0
2016,Clark,9995 - CHAL,0
2016,Douglas,88,0
2016,Douglas,99,0
2016,Elko,88,0
2016,Elko,99,0
2016,Esmeralda,88,0
2016,Esmeralda,99,0
2016,Eureka,88,0
2016,Eureka,99,0
2016,Humboldt,88,0
2016,Humboldt,99,0
2016,Lander,88,0
2016,Lander,99,0
2016,Lincoln,88,0
2016,Lincoln,99,0
2016,Lyon,88,0
2016,Lyon,99,0
2016,Mineral,88,0
2016,Mineral,99,0
2016,Nye,99,0
2016,Pershing,88,0
2016,Pershing,99,0
2016,Storey,88,0
2016,Storey,99,0
2016,Washoe,7575,0
2016,Washoe,8130,0
2016,Washoe,8274,0
2016,Washoe,9117,0
2016,Washoe,9228,0
2016,Washoe,9239,0
2016,Washoe,9240,0
2016,Washoe,9247,0
2016,Washoe,9252,0
2016,Washoe,9700,0
2016,White Pine,88,0
2016,White Pine,99,0
2018,Douglas,25-2 - Pleasantview,30134
2018,Lyon,06_Spragg-Plummer,29285
2018,Douglas,03-2 - Gardnerville,26425
2018,Douglas,08-3 - Ranchos I,24447
2018,Lyon,07_Smith Valley 1,21843
2018,Lyon,09_South Dayton 1,21725
2018,Douglas,23-2 - Indian Hills - East,20526
2018,Douglas,27-1 - Winhaven,20195
2018,Douglas,07-2 - Minden,19946
2018,Douglas,02-1 - Fish Springs,16847
2018,Lyon,03_West Mason Valley 1,16399
2018,Douglas,06-1 - Jacks Valley,15549
2018,Douglas,40-2 - Kingsbury,15495
2018,Lyon,02_East Mason Valley 2,15271
2018,Douglas,41-2 - Daggett,14922
2018,Douglas,13-2 - Indian Hills - West,13779
2018,Lyon,01_East Mason Valley 1,13740
2018,Douglas,18-2 - Ranchos III-2,13395
2018,Douglas,02-2 - Fish Springs,13162
2018,Douglas,06-3 - Jacks Valley,12108
2018,Douglas,01-1 - Centerville,11560
2018,Lincoln,2 - CALIENTE-0,10867
2018,Douglas,13-1 - Indian Hills - West,10716
2018,Lyon,04_West Mason Valley 2,9026
2018,Douglas,37-1 - Zephyr Cove,9013
2018,Douglas,38-2 - Round Hill,8666
2018,Douglas,28-1 - Orchard Road,7915
2018,Lyon,08_Smith Valley 2,7862
2018,Douglas,01-2 - Centerville,6856
2018,Douglas,28-2 - Orchard Road,5410
2018,Douglas,38-1 - Round Hill,4106
2018,Douglas,28-3 - Orchard Road,3466
2018,Lincoln,2 - CALIENTE-1,2591
2018,Douglas,08-1 - Ranchos I,2034
2018,Douglas,40-1 - Kingsbury,1908
2018,Douglas,25-1 - Pleasantview,1641
2018,Lyon,05_West Mason Valley 3,980
2018,Douglas,18-1 - Ranchos III-2,965
2018,Douglas,23-1 - Indian Hills - East,462
2018,Douglas,37-6 - Zephyr Cove,439
2018,Douglas,27-2 - Winhaven,334
2018,Douglas,41-1 - Daggett,159
2018,Douglas,07-1 - Minden,132
2018,Douglas,03-1 - Gardnerville,117
2018,Clark,9991,89
2018,Clark,9993,85
2018,Clark,9994,68
2018,Clark,2712,24
2018,Washoe,990000,16
2018,Humboldt,99,8
2018,Nye,99,6
2018,Douglas,99,4
2018,Elko,99,4
2018,Washoe,970000,4
2018,Lyon,99-0,2
2018,Carson City,997,0
2018,Churchill,99,0
2018,Clark,1370,0
2018,Clark,9995,0
2018,Esmeralda,99,0
2018,Eureka,99,0
2018,Lander,99,0
2018,Lincoln,99,0
2018,Lyon,99,0
2018,Lyon,99-1,0
2018,Mineral,99,0
2018,Pershing,99,0
2018,Storey,99,0
2018,Washoe,923900,0
2018,Washoe,925200,0
2018,White Pine,99,0
2020,Washoe,NEW RESIDENT,64
2020,Clark,9996,60
2020,Nye,88,33
2020,Washoe,SPARKS 7428 (MP),32
2020,Washoe,RENO-VERDI 7539 (MP),30
2020,Washoe,SPARKS 7400 (MP),25
2020,Lander,88,23
2020,Humboldt,88,21
2020,Carson City,998,19
2020,Washoe,RENO-VERDI 3013 (MP),16
2020,Washoe,SPARKS 7518 (MP),15
2020,Washoe,NO FIXED RES,14
2020,Washoe,RENO-VERDI 4015 (MP),10
2020,Washoe,SPARKS 7594 (MP),6
2020,Washoe,RENO-VERDI 7549 (MP),5
2020,Clark,1161,4
2020,Churchill,88,0
2020,Clark,7458,0
2020,Clark,9995,0
2020,Douglas,88,0
2020,Elko,88,0
2020,Esmeralda,88,0
2020,Eureka,88,0
2020,Lincoln,88,0
2020,Lyon,88,0
2020,Mineral,88,0
2020,Pershing,88,0
2020,Storey,88,0
2020,Washoe,FOC,0
2020,Washoe,GER-WADS 9408 (MP),0
2020,Washoe,GER-WADS 9557 (MP),0
2020,Washoe,INCLINE VILLAGE 8126(MP),0
2020,Washoe,INCLINE VILLAGE 9101(MP),0
2020,Washoe,INCLINE VILLAGE 9102(MP),0
2020,Washoe,INCLINE VILLAGE 9106(MP),0
2020,Washoe,INCLINE VILLAGE 9116(MP),0
2020,Washoe,INCLINE VILLAGE 9121(MP),0
2020,Washoe,INCLINE VILLAGE 9251(MP),0
2020,Washoe,RENO-VERDI  9543 (MP),0
2020,Washoe,RENO-VERDI 1005 (MP),0
2020,Washoe,RENO-VERDI 1050 (MP),0
2020,Washoe,RENO-VERDI 1059 (MP),0
2020,Washoe,RENO-VERDI 1061 (MP),0
2020,Washoe,RENO-VERDI 2002 (MP),0
2020,Washoe,RENO-VERDI 2048 (MP),0
2020,Washoe,RENO-VERDI 2051 (MP),0
2020,Washoe,RENO-VERDI 2057 (MP),0
2020,Washoe,RENO-VERDI 2064 (MP),0
2020,Washoe,RENO-VERDI 2074 (MP),0
2020,Washoe,RENO-VERDI 2078 (MP),0
2020,Washoe,RENO-VERDI 3035 (MP),0
2020,Washoe,RENO-VERDI 4018 (MP),0
2020,Washoe,RENO-VERDI 4026 (MP),0
2020,Washoe,RENO-VERDI 4029 (MP),0
2020,Washoe,RENO-VERDI 4042 (MP),0
2020,Washoe,RENO-VERDI 4051 (MP),0
2020,Washoe,RENO-VERDI 4052 (MP),0
2020,Washoe,RENO-VERDI 4054 (MP),0
2020,Washoe,RENO-VERDI 4055 (MP),0
2020,Washoe,RENO-VERDI 5023 (MP),0
2020,Washoe,RENO-VERDI 5049 (MP),0
2020,Washoe,RENO-VERDI 5051 (MP),0
2020,Washoe,RENO-VERDI 5061 (MP),0
2020,Washoe,RENO-VERDI 5065 (MP),0
2020,Washoe,RENO-VERDI 7546 (MP),0
2020,Washoe,RENO-VERDI 7566 (MP),0
2020,Washoe,RENO-VERDI 7574 (MP),0
2020,Washoe,RENO-VERDI 7596 (MP),0
2020,Washoe,RENO-VERDI 8259 (MP),0
2020,Washoe,RENO-VERDI 8260 (MP),0
2020,Washoe,RENO-VERDI 8275 (MP),0
2020,Washoe,RENO-VERDI 8291 (MP),0
2020,Washoe,RENO-VERDI 8292 (MP),0
2020,Washoe,RENO-VERDI 8400 (MP),0
2020,Washoe,RENO-VERDI 9103 (MP),0
2020,Washoe,RENO-VERDI 9107 (MP),0
2020,Washoe,RENO-VERDI 9109 (MP),0
2020,Washoe,RENO-VERDI 9115 (MP),0
2020,Washoe,RENO-VERDI 9120 (MP),0
2020,Washoe,RENO-VERDI 9122 (MP),0
2020,Washoe,RENO-VERDI 9123 (MP),0
2020,Washoe,RENO-VERDI 9124 (MP),0
2020,Washoe,RENO-VERDI 9125 (MP),0
2020,Washoe,RENO-VERDI 9126 (MP),0
2020,Washoe,RENO-VERDI 9127 (MP),0
2020,Washoe,RENO-VERDI 9128 (MP),0
2020,Washoe,RENO-VERDI 9129 (MP),0
2020,Washoe,RENO-VERDI 9130 (MP),0
2020,Washoe,RENO-VERDI 9131 (MP),0
2020,Washoe,RENO-VERDI 9202 (MP),0
2020,Washoe,RENO-VERDI 9207 (MP),0
2020,Washoe,RENO-VERDI 9208 (MP),0
2020,Washoe,RENO-VERDI 9210 (MP),0
2020,Washoe,RENO-VERDI 9211 (MP),0
2020,Washoe,RENO-VERDI 9243 (MP),0
2020,Washoe,RENO-VERDI 9244 (MP),0
2020,Washoe,RENO-VERDI 9249 (MP),0
2020,Washoe,RENO-VERDI 9253 (MP),0
2020,Washoe,RENO-VERDI 9254 (MP),0
2020,Washoe,RENO-VERDI 9303 (MP),0
2020,Washoe,RENO-VERDI 9307 (MP),0
2020,Washoe,RENO-VERDI 9308 (MP),0
2020,Washoe,RENO-VERDI 9309 (MP),0
2020,Washoe,RENO-VERDI 9311 (MP),0
2020,Washoe,RENO-VERDI 9513 (MP),0
2020,Washoe,RENO-VERDI 9520 (MP),0
2020,Washoe,RENO-VERDI 9523 (MP),0
2020,Washoe,RENO-VERDI 9533 (MP),0
2020,Washoe,RENO-VERDI 9538 (MP),0
2020,Washoe,RENO-VERDI 9540 (MP),0
2020,Washoe,RENO-VERDI 9541 (MP),0
2020,Washoe,RENO-VERDI 9542 (MP),0
2020,Washoe,RENO-VERDI 9546 (MP),0
2020,Washoe,RENO-VERDI 9555 (MP),0
2020,Washoe,RENO-VERDI 9560 (MP),0
2020,Washoe,RENO-VERDI 9561 (MP),0
2020,Washoe,RENO-VERDI 9562 (MP),0
2020,Washoe,SPARKS 6104 (MP),0
2020,Washoe,SPARKS 6217 (MP),0
2020,Washoe,SPARKS 6218 (MP),0
2020,Washoe,SPARKS 6317 (MP),0
2020,Washoe,SPARKS 6427 (MP),0
2020,Washoe,SPARKS 6527 (MP),0
2020,Washoe,SPARKS 6528 (MP),0
2020,Washoe,SPARKS 6529 (MP),0
2020,Washoe,SPARKS 6530 (MP),0
2020,Washoe,SPARKS 6531 MP,0
2020,Washoe,SPARKS 7562 (MP),0
2020,Washoe,SPARKS 7591 (MP),0
2020,Washoe,SPARKS 7595 (MP),0
2020,Washoe,SPARKS 7597 (MP),0
2020,Washoe,SPARKS 7598 (MP),0
2020,Washoe,SPARKS 7599 (MP),0
2020,Washoe,SPARKS 9248 (MP),0
2020,Washoe,SPARKS 9304 (MP),0
2020,Washoe,SPARKS 9310 (MP),0
2020,Washoe,SPARKS 9427 (MP),0
2020,Washoe,SPARKS 9428 (MP),0
2020,Washoe,SPARKS 9516 (MP),0
2020,Washoe,SPARKS 9532 (MP),0
2020,Washoe,SPARKS 9547 (MP),0
2020,Washoe,SPARKS 9548 (MP),0
2020,Washoe,SPARKS 9549 (MP),0
2020,Washoe,SPARKS 9550 (MP),0
2020,Washoe,SPARKS 9551 (MP),0
2020,Washoe,SPARKS 9552 (MP),0
2020,Washoe,SPARKS 9553 (MP),0
2020,Washoe,SPARKS 9554 (MP),0
2020,Washoe,SPARKS 9558 (MP),0
2020,Washoe,SPARKS 9559 (MP),0
2020,White Pine,88,0
2022,Carson City,996,0
2022,Clark,1002,0
2022,Clark,1003,0
2022,Clark,1014,0
2022,Clark,2000,0
2022,Clark,2012,0
2022,Clark,2017,0
2022,Clark,2020,0
2022,Clark,2057,0
2022,Clark,2059,0
2022,Clark,2061,0
2022,Clark,2064,0
2022,Clark,2068,0
2022,Clark,2069,0
2022,Clark,2070,0
2022,Clark,2075,0
2022,Clark,3004,0
2022,Clark,3005,0
2022,Clark,3046,0
2022,Clark,3047,0
2022,Clark,3053,0
2022,Clark,3054,0
2022,Clark,3070,0
2022,Clark,4003,0
2022,Clark,4004,0
2022,Clark,4014,0
2022,Clark,4015,0
2022,Clark,4038,0
2022,Clark,4039,0
2022,Clark,4041,0
2022,Clark,4070,0
2022,Clark,4401,0
2022,Clark,4405,0
2022,Clark,4406,0
2022,Clark,4408,0
2022,Clark,4458,0
2022,Clark,4609,0
2022,Clark,5035,0
2022,Clark,5050,0
2022,Clark,5539,0
2022,Clark,5540,0
2022,Clark,6019,0
2022,Clark,6020,0
2022,Clark,6021,0
2022,Clark,6022,0
2022,Clark,6023,0
2022,Clark,6024,0
2022,Clark,6025,0
2022,Clark,6026,0
2022,Clark,6027,0
2022,Clark,6028,0
2022,Clark,6039,0
2022,Clark,6047,0
2022,Clark,6155,0
2022,Clark,6156,0
2022,Clark,6157,0
2022,Clark,6161,0
2022,Clark,6309,0
2022,Clark,6365,0
2022,Clark,6374,0
2022,Clark,6375,0
2022,Clark,6376,0
2022,Clark,6377,0
2022,Clark,6378,0
2022,Clark,6379,0
2022,Clark,6380,0
2022,Clark,6381,0
2022,Clark,6382,0
2022,Clark,6385,0
2022,Clark,6534,0
2022,Clark,6543,0
2022,Clark,7010,0
2022,Clark,7014,0
2022,Clark,7043,0
2022,Clark,7045,0
2022,Clark,7046,0
2022,Clark,7051,0
2022,Clark,7061,0
2022,Clark,9995,0
2022,Eureka,3N,0
2022,Lyon,East Mason Valley 3,0
2022,Washoe,FOC,0
2022,Washoe,GER-WADS 9403,0
2022,Washoe,GER-WADS 9405,0
2022,Washoe,INCLINE VILLAGE 9200,0
2022,Washoe,INCLINE VILLAGE 9201,0
2022,Washoe,RENO-VERDI  9111,0
2022,Washoe,RENO-VERDI 1013,0
2022,Washoe,RENO-VERDI 2001,0
2022,Washoe,RENO-VERDI 2024,0
2022,Washoe,RENO-VERDI 3037,0
2022,Washoe,RENO-VERDI 3042,0
2022,Washoe,RENO-VERDI 3043,0
2022,Washoe,RENO-VERDI 3044,0
2022,Washoe,RENO-VERDI 4001,0
2022,Washoe,RENO-VERDI 4057,0
2022,Washoe,RENO-VERDI 5044,0
2022,Washoe,RENO-VERDI 7511,0
2022,Washoe,RENO-VERDI 7538,0
2022,Washoe,RENO-VERDI 7560,0
2022,Washoe,RENO-VERDI 8239,0
2022,Washoe,RENO-VERDI 8257,0
2022,Washoe,RENO-VERDI 8402,0
2022,Washoe,RENO-VERDI 9100,0
2022,Washoe,RENO-VERDI 9104,0
2022,Washoe,RENO-VERDI 9105,0
2022,Washoe,RENO-VERDI 9110,0
2022,Washoe,RENO-VERDI 9113,0
2022,Washoe,RENO-VERDI 9119,0
2022,Washoe,RENO-VERDI 9120 (MP),0
2022,Washoe,RENO-VERDI 9300,0
2022,Washoe,RENO-VERDI 9502,0
2022,Washoe,RENO-VERDI 9503,0
2022,Washoe,RENO-VERDI 9522,0
2022,Washoe,RENO-VERDI 9525,0
2022,Washoe,RENO-VERDI 9528,0
2022,Washoe,RENO-VERDI 9529,0
2022,Washoe,SPARKS 6200,0
2022,Washoe,SPARKS 6201,0
2022,Washoe,SPARKS 6215,0
2022,Washoe,SPARKS 6401,0
2022,Washoe,SPARKS 6402,0
2022,Washoe,SPARKS 6532,0
2022,Washoe,SPARKS 7305,0
2022,Washoe,SPARKS 7311,0
2022,Washoe,SPARKS 7323,0
2022,Washoe,SPARKS 7510,0
2022,Washoe,SPARKS 7515,0
2022,Washoe,SPARKS 7530,0
2022,Washoe,SPARKS 7535,0
2022,Washoe,SPARKS 9401,0
2022,Washoe,SPARKS 9402,0
2022,Washoe,SPARKS 9404,0
2022,Washoe,SPARKS 9406,0
2022,Washoe,SPARKS 9407,0
2022,Washoe,SPARKS 9409,0
2022,Washoe,SPARKS 9410,0
2022,Washoe,SPARKS 9411,0
2022,Washoe,SPARKS 9412,0
2022,Washoe,SPARKS 9524,0
2022,Washoe,SPARKS 9531,0
2024,Esmeralda,02,360
2024,Clark,9996,40
2024,Washoe,FOC,15
2024,Humboldt,88,14
2024,Carson City,998,0
2024,Churchill,88,0
2024,Churchill,99,0
2024,Clark,1002,0
2024,Clark,1003,0
2024,Clark,1014,0
2024,Clark,2000,0
2024,Clark,2012,0
2024,Clark,2017,0
2024,Clark,2020,0
2024,Clark,2057,0
2024,Clark,2059,0
2024,Clark,2061,0
2024,Clark,2064,0
2024,Clark,2068,0
2024,Clark,2069,0
2024,Clark,2070,0
2024,Clark,2075,0
2024,Clark,3004,0
2024,Clark,3005,0
2024,Clark,3046,0
2024,Clark,3047,0
2024,Clark,3053,0
2024,Clark,3054,0
2024,Clark,3070,0
2024,Clark,4003,0
2024,Clark,4004,0
2024,Clark,4014,0
2024,Clark,4015,0
2024,Clark,4038,0
2024,Clark,4039,0
2024,Clark,4041,0
2024,Clark,4070,0
2024,Clark,4401,0
2024,Clark,4405,0
2024,Clark,4406,0
2024,Clark,4408,0
2024,Clark,4458,0
2024,Clark,4609,0
2024,Clark,5035,0
2024,Clark,5050,0
2024,Clark,5539,0
2024,Clark,5540,0
2024,Clark,6019,0
2024,Clark,6020,0
2024,Clark,6021,0
2024,Clark,6022,0
2024,Clark,6023,0
2024,Clark,6024,0
2024,Clark,6025,0
2024,Clark,6026,0
2024,Clark,6027,0
2024,Clark,6028,0
2024,Clark,6039,0
2024,Clark,6047,0
2024,Clark,6155,0
2024,Clark,6156,0
2024,Clark,6157,0
2024,Clark,6159,0
2024,Clark,6161,0
2024,Clark,6309,0
2024,Clark,6365,0
2024,Clark,6374,0
2024,Clark,6375,0
2024,Clark,6376,0
2024,Clark,6377,0
2024,Clark,6378,0
2024,Clark,6379,0
2024,Clark,6380,0
2024,Clark,6381,0
2024,Clark,6382,0
2024,Clark,6385,0
2024,Clark,6534,0
2024,Clark,6543,0
2024,Clark,7010,0
2024,Clark,7014,0
2024,Clark,7043,0
2024,Clark,7045,0
2024,Clark,7046,0
2024,Clark,7051,0
2024,Clark,7061,0
2024,Clark,7099,0
2024,Clark,9995,0
2024,Douglas,88,0
2024,Douglas,99,0
2024,Elko,88,0
2024,Elko,99,0
2024,Esmeralda,05,0
2024,Esmeralda,88,0
2024,Esmeralda,99,0
2024,Eureka,99,0
2024,Humboldt,99,0
2024,Lander,99,0
2024,Lincoln,88,0
2024,Lincoln,99,0
2024,Lyon,05A,0
2024,Lyon,88,0
2024,Lyon,99,0
2024,Mineral,88,0
2024,Mineral,99,0
2024,Nye,36,0
2024,Nye,88,0
2024,Nye,99,0
2024,Pershing,88,0
2024,Pershing,99,0
2024,Storey,07,0
2024,Storey,09,0
2024,Storey,88,0
2024,Storey,99,0
2024,Washoe,GER-WADS 9403,0
2024,Washoe,GER-WADS 9405,0
2024,Washoe,INCLINE VILLAGE 9200,0
2024,Washoe,INCLINE VILLAGE 9201,0
2024,Washoe,NEW RESIDENT,0
2024,Washoe,NO FIXED RES,0
2024,Washoe,RENO-VERDI  9111,0
2024,Washoe,RENO-VERDI 1013,0
2024,Washoe,RENO-VERDI 2001,0
2024,Washoe,RENO-VERDI 2024,0
2024,Washoe,RENO-VERDI 3037,0
2024,Washoe,RENO-VERDI 3042,0
2024,Washoe,RENO-VERDI 3043,0
2024,Washoe,RENO-VERDI 3044,0
2024,Washoe,RENO-VERDI 4001,0
2024,Washoe,RENO-VERDI 4057,0
2024,Washoe,RENO-VERDI 5044,0
2024,Washoe,RENO-VERDI 7511,0
2024,Washoe,RENO-VERDI 7538,0
2024,Washoe,RENO-VERDI 7560,0
2024,Washoe,RENO-VERDI 8239,0
2024,Washoe,RENO-VERDI 8257,0
2024,Washoe,RENO-VERDI 8402,0
2024,Washoe,RENO-VERDI 9100,0
2024,Washoe,RENO-VERDI 9104,0
2024,Washoe,RENO-VERDI 9105,0
2024,Washoe,RENO-VERDI 9110,0
2024,Washoe,RENO-VERDI 9113,0
2024,Washoe,RENO-VERDI 9119,0
2024,Washoe,RENO-VERDI 9300,0
2024,Washoe,RENO-VERDI 9502,0
2024,Washoe,RENO-VERDI 9522,0
2024,Washoe,RENO-VERDI 9525,0
2024,Washoe,RENO-VERDI 9528,0
2024,Washoe,RENO-VERDI 9529,0
2024,Washoe,SPARKS 6200,0
2024,Washoe,SPARKS 6201,0
2024,Washoe,SPARKS 6215,0
2024,Washoe,SPARKS 6401,0
2024,Washoe,SPARKS 6402,0
2024,Washoe,SPARKS 6532,0
2024,Washoe,SPARKS 7305,0
2024,Washoe,SPARKS 7311,0
2024,Washoe,SPARKS 7323,0
2024,Washoe,SPARKS 7510,0
2024,Washoe,SPARKS 7515,0
2024,Washoe,SPARKS 7530,0
2024,Washoe,SPARKS 7535,0
2024,Washoe,SPARKS 9401,0
2024,Washoe,SPARKS 9402,0
2024,Washoe,SPARKS 9404,0
2024,Washoe,SPARKS 9406,0
2024,Washoe,SPARKS 9407,0
2024,Washoe,SPARKS 9409,0
2024,Washoe,SPARKS 9410,0
2024,Washoe,SPARKS 9411,0
2024,Washoe,SPARKS 9412,0
2024,Washoe,SPARKS 9503,0
2024,Washoe,SPARKS 9524,0
2024,Washoe,SPARKS 9531,0
2024,White Pine,88,0
2024,White Pine,99,0
