vtdidfp00,bg2020ge,alloc_weight
320010005,320019503023,19.0000000001
320010005,320019503025,20.9999999999
320010010,320019503011,7.1571151621
320010010,320019503012,18.4262010172
320010010,320019503023,1.3504394090
320010010,320019503024,7.8428848379
320010010,320019503025,8.5675360267
320010010,320019505002,2.6558235472
320010015,320019503021,15.0000000000
320010015,320019503022,26.0000000000
320010015,320019507002,1.0000000000
320010020,320019501001,2.0000000000
320010020,320019503011,5.0000000000
320010020,320019503013,36.0000000000
320010025,320019503011,24.8439033114
320010025,320019503013,8.0000000000
320010025,320019503024,20.1560966886
320010030,320019503021,43.9999999999
320010035,320019503023,3.0000000000
320010035,320019503025,4.0000000000
320010035,320019506002,1.0252506245
320010035,320019506003,35.9747493755
320010040,320019501002,15.0000000000
320010040,320019503013,7.0000000000
320010040,320019503024,4.0000000000
320010045,320019501001,44.0000000000
320010045,320019503012,13.9696252970
320010045,320019505001,12.0000000000
320010045,320019505002,125.0303747029
320010045,320019506001,2.0000000000
320010050,320019506002,30.9998409358
320010050,320019506003,13.0001590641
320010055,320019507002,34.9999999999
320010055,320019507004,2.0000000000
320010060,320019501001,76.5777807885
320010060,320019501002,143.9191821033
320010060,320019503013,1.0000000000
320010060,320019504001,14.5199781884
320010060,320019507001,26.9830589195
320010065,320019501002,51.9918755988
320010065,320019504001,5.0081244011
320010070,320019501002,1.0000000000
320010070,320019507001,120.9607782269
320010070,320199609021,0.0392217729
320010075,320019503021,7.0000000000
320010075,320019507001,184.0000000002
320010075,320019507003,29.0000000000
320010075,320019507004,24.0000000001
320010080,320019506002,14.0000000000
320010080,320019507004,21.9999999998
320010085,320019506001,223.2407927102
320010085,320019507003,0.3129006149
320010085,320199601031,0.4463066744
320010090,320019501001,546.9999999997
320010090,320019505001,88.0000000000
320010090,320150003021,1.0000000000
320010095,320019507001,1.0000000000
320010095,320019507003,170.9993471394
320010095,320019507004,13.0000000000
320010095,320199602062,0.0006528609
320031001,320030055021,7.0082819611
320031001,320030055022,3.0000000000
320031001,320030055023,5.0000000000
320031001,320030057032,0.9917180389
320031002,320030055014,18.0000000001
320031003,320030055011,14.9403795203
320031003,320030055013,1.1913492414
320031003,320030055014,12.8682712383
320031003,320030056134,1.0000000000
320031004,320030055021,22.0000000000
320031004,320030055022,0.9998696114
320031004,320030055032,14.0001303886
320031005,320030055031,13.0000000000
320031005,320030055032,7.0000000000
320031005,320030055033,4.0000000000
320031006,320030055022,0.0021728004
320031006,320030055032,3.9978271996
320031006,320030055033,17.0000000000
320031007,320030055022,8.0000000000
320031007,320030055023,12.0000000000
320031008,320030055021,1.0588722269
320031008,320030055024,5.9161371098
320031008,320030055041,10.0000000000
320031008,320030057032,2.0249906635
320031009,320030055042,8.5656289847
320031009,320030055043,7.4343710153
320031010,320030055024,7.0000000000
320031010,320030055043,4.0000000000
320031011,320030055012,26.0000000000
320031011,320030055024,1.0000000000
320031011,320030057032,34.9999999999
320031011,320030057111,5.0000000000
320031012,320030056071,0.0307375304
320031012,320030076001,11.0000000000
320031012,320030076004,13.9692624696
320031013,320030056071,5.0564769799
320031013,320030076004,4.9435230200
320031014,320030056071,1.0000000000
320031014,320030056072,5.0000000000
320031014,320030056073,1.0000000000
320031014,320030056141,4.0000000000
320031014,320030056142,17.6426215832
320031014,320030056151,0.3573784168
320031015,320030056072,13.0000000000
320031015,320030056073,13.9999999999
320031015,320030056142,1.1416776151
320031015,320030056151,20.7373158017
320031015,320030059041,0.9476970184
320031015,320030076001,4.9175767811
320031015,320030076003,2.2557327840
320031016,320030059021,4.0074898431
320031016,320030059041,1.0000000000
320031016,320030076002,13.0037458744
320031016,320030076003,2.9887642826
320031017,320030056073,0.2917577304
320031017,320030056151,0.2389588284
320031017,320030076001,0.7022119063
320031017,320030076002,1.9995848234
320031017,320030076003,88.7674867114
320031018,320030056121,19.0000000001
320031018,320030056122,23.0000000000
320031018,320030056131,9.8512939648
320031018,320030056132,43.1487060354
320031018,320030056134,31.0399698500
320031018,320030076002,12.0000000001
320031018,320030076003,72.9600301499
320031019,320030056132,1.0000000000
320031019,320030056133,4.0000398874
320031019,320030059021,0.0432915121
320031019,320030076002,38.9566686005
320031020,320030056134,1.7804599626
320031020,320030059022,7.2195400375
320031021,320030056134,38.0000000001
320031021,320030059021,1.0000000000
320031022,320030056134,40.9999999999
320031023,320030054371,0.0339456575
320031023,320030056134,6.0000000000
320031023,320030061041,11.9660543425
320031023,320030078021,1.0000000000
320031024,320030061031,7.4016518172
320031024,320030061032,10.5983481828
320031024,320030061041,0.7612590761
320031024,320030072001,6.2387409239
320031026,320030072001,7.0000000000
320031027,320030049142,9.0000000000
320031027,320030049152,0.0115151300
320031027,320030049181,6.9884848700
320031027,320030049191,5.5325337845
320031027,320030049192,1.4674662155
320031028,320030049141,11.0000000000
320031028,320030049142,5.0000000000
320031029,320030049201,11.0000000000
320031029,320030049202,13.0000000000
320031029,320030049203,10.0000000000
320031030,320030049213,3.8698851648
320031030,320030049214,7.1301148352
320031031,320030049071,21.8336087371
320031031,320030049072,21.9999999999
320031031,320030049201,1.0000000000
320031031,320030049214,0.1663912629
320031032,320030061041,21.1400903773
320031032,320030061042,10.8599096227
320031034,320030029611,12.0000000000
320031034,320030029621,18.0000000001
320031034,320030029671,11.0000000000
320031034,320030029672,6.0000000000
320031034,320030029673,1.0000000001
320031034,320030029681,0.2627824745
320031034,320030029682,21.3420344401
320031034,320030029691,0.3951830854
320031034,320030029702,1.0000000000
320031034,320030029791,4.0000000000
320031035,320030029584,4.0000000000
320031036,320030029585,15.0000000000
320031037,320030029581,0.7150387274
320031037,320030029582,0.2849612726
320031037,320030029583,2.0000000000
320031038,320030029572,5.0000000000
320031039,320030029571,10.0000000000
320031039,320030029572,8.0000000000
320031040,320030029611,9.0000000000
320031040,320030029612,7.0000000000
320031041,320030029562,0.0176140266
320031041,320030029621,59.7646835362
320031041,320030029692,1.0000000000
320031041,320030029701,1.0000000000
320031041,320030029703,3.0000000000
320031041,320030029791,2.0000000000
320031041,320030068004,0.2177024372
320031042,320030049101,6.7210898467
320031042,320030049102,13.2789101533
320031042,320030049122,5.0000000000
320031042,320030049231,5.0000000000
320031042,320030049232,11.0000000000
320031042,320030049251,10.0000000000
320031042,320030049252,10.4567659100
320031042,320030049253,10.5432340900
320031042,320030049261,1.7570072483
320031042,320030049262,1.2429927515
320031043,320030061041,1.6844771428
320031043,320030061042,4.3155228572
320031044,320030061041,6.0000000000
320031045,320030050063,0.0111099939
320031045,320030050131,1.0179305765
320031045,320030050132,1.2942153638
320031045,320030050151,0.3938386088
320031045,320030050152,0.2829054568
320031046,320030054371,7.0592837377
320031046,320030056134,2.0188000876
320031046,320030061041,10.9219161747
320031047,320030054352,4.2646931936
320031047,320030054371,1.9999999999
320031047,320030055013,0.7545559762
320031047,320030056134,6.9807508301
320031052,320030051121,5.0000000001
320031053,320030028081,16.0000000000
320031053,320030028082,14.3361107453
320031053,320030051021,0.0706887832
320031053,320030051023,0.5932004715
320031053,320030053121,1.0000000000
320031054,320030028471,2.0186761613
320031054,320030029621,13.2663933584
320031054,320030029791,38.7147905757
320031054,320030029851,0.0001399043
320031055,320030028371,0.0197369325
320031055,320030029011,2.1563817566
320031055,320030029021,8.1563399363
320031055,320030029801,0.0265748760
320031055,320030029802,0.2674353976
320031055,320030029803,0.0597308023
320031055,320030029811,0.6210547955
320031055,320030029812,0.7489114659
320031055,320030029821,0.0577422011
320031055,320030029822,0.3572875680
320031055,320030029823,0.5485412005
320031055,320030029831,15.0000000001
320031055,320030029851,44.9802630676
320031056,320030028371,7.0000000000
320031056,320030028372,8.0000000000
320031056,320030028375,13.0000000000
320031056,320030028383,9.0000000000
320031057,320030028102,0.9815505224
320031057,320030028371,19.0184494776
320031057,320030028372,9.0000000000
320031057,320030028373,7.4468607579
320031057,320030028374,10.5531392421
320031058,320030028372,2.0000000000
320031058,320030028375,11.0000000000
320031058,320030028383,8.0000000000
320031058,320030028384,9.0000000000
320031059,320030028374,2.0000000000
320031059,320030028381,3.0000000001
320031059,320030028382,7.0000000000
320031060,320030028381,12.0000000000
320031061,320030053112,1.0000000001
320031061,320030053161,2.0000000000
320031062,320030028111,13.0000000000
320031062,320030028112,17.0000000000
320031062,320030028141,21.0000000000
320031062,320030028142,5.0000000000
320031062,320030028143,7.0000000000
320031062,320030028281,13.0000000000
320031062,320030028302,6.0000000000
320031062,320030028303,9.0000000000
320031062,320030028311,12.9514759927
320031062,320030028331,11.6146762486
320031062,320030028332,18.3853237514
320031062,320030028341,6.0000000000
320031062,320030028342,9.0000000000
320031062,320030028343,11.0000000000
320031062,320030028351,1.7404479958
320031062,320030028352,6.2584963596
320031062,320030028361,2.9287628988
320031062,320030028362,8.0722927458
320031062,320030028411,58.2437503370
320031062,320030028412,10.0000000000
320031062,320030028421,1.3685596305
320031062,320030028422,1.1974522598
320031062,320030028423,0.2344467414
320031062,320030028441,11.2209737193
320031062,320030028442,1.1649262203
320031062,320030028451,7.7242055209
320031062,320030028452,2.3624841522
320031062,320030028461,4.7671408629
320031062,320030028462,7.0000000000
320031062,320030028491,8.0000000000
320031062,320030028501,15.0000000000
320031062,320030028502,9.0000000000
320031062,320030028511,0.4504340781
320031062,320030028521,0.2615709733
320031062,320030028531,0.0482644729
320031062,320030053472,2.0000000000
320031062,320030057201,0.0043150383
320031063,320030028291,8.7687058848
320031063,320030028293,5.2312941152
320031063,320030028294,5.0000000000
320031063,320030028301,15.0000000000
320031063,320030028303,18.0000000000
320031064,320030028101,2.0000000001
320031064,320030028102,3.0000000000
320031064,320030028281,34.0000000000
320031064,320030028292,10.0000000000
320031064,320030028294,5.0000000000
320031065,320030028311,0.1335963053
320031065,320030029831,0.0001023554
320031065,320030058341,53.8664036947
320031065,320030058661,21.9998976445
320031066,320030053191,9.0000000000
320031066,320030053192,9.0000000000
320031066,320030053221,1.0000000000
320031069,320030029741,8.0000000000
320031069,320030029742,9.7777835104
320031069,320030029751,13.0000000001
320031069,320030029752,19.0000000001
320031069,320030029761,4.1641784314
320031069,320030029762,0.5068990559
320031069,320030029771,1.0321148431
320031069,320030029772,0.5190241588
320031069,320030029781,35.0000000001
320031070,320030055012,1.0000000000
320031070,320030057111,1.0000000000
320031071,320030055012,1.0000000000
320031071,320030055021,0.0002395668
320031071,320030056134,0.0000056278
320031071,320030057032,107.9997548051
320031072,320030057032,84.3543575083
320031072,320030057033,237.6190019858
320031072,320030057051,1.0000000000
320031073,320030057033,5.0000000000
320031073,320030057041,8.0000000000
320031073,320030057051,18.0000000000
320031074,320030057021,8.3119245441
320031074,320030057022,9.3756855361
320031074,320030057023,9.3123899199
320031074,320030057033,2.0000000000
320031074,320030057051,14.9999999998
320031074,320030057052,17.0000000000
320031076,320030054371,10.8585226481
320031076,320030054411,0.0059560147
320031076,320030054421,0.0128259058
320031076,320030061041,0.1226954314
320031078,320030054352,1.0000000001
320031079,320030054351,74.9999999999
320031080,320030054211,11.0000000000
320031080,320030054212,9.0000000000
320031080,320030054213,8.0000000000
320031081,320030054222,3.0000000000
320031081,320030054223,10.0000000000
320031082,320030054222,2.0000000000
320031082,320030054223,5.0000000000
320031082,320030054231,15.0000000000
320031082,320030054232,16.0000000000
320031083,320030054321,21.0000000001
320031083,320030054322,21.0000000001
320031083,320030054323,18.0000000000
320031083,320030054335,6.0000000000
320031083,320030054341,15.4022642542
320031083,320030054342,19.8824101667
320031083,320030054351,4.7153255792
320031084,320030054232,10.0000000000
320031084,320030054233,11.9999999999
320031085,320030054221,15.0000000000
320031085,320030054232,1.0000000000
320031085,320030054233,2.0000000000
320031086,320030051121,13.0000000000
320031086,320030052001,2.9999962214
320031086,320030052002,9.0000037786
320031087,320030051121,3.2037510733
320031087,320030052001,14.0000000001
320031087,320030052002,11.0000000000
320031087,320030052003,11.0000000000
320031087,320030053541,1.7962489267
320031088,320030052001,1.0000000000
320031088,320030052002,8.0000000000
320031088,320030052003,2.0000000000
320031088,320030053361,15.0000000000
320031088,320030053362,8.0000000000
320031089,320030053351,16.9906251139
320031089,320030053352,41.0093748861
320031089,320030053353,8.0000000000
320031089,320030053354,7.0000000000
320031089,320030053355,9.0000000000
320031090,320030053353,24.0000000000
320031090,320030053354,23.0000000000
320031091,320030053362,2.0000000000
320031091,320030053363,7.9999999999
320031091,320030053364,12.9999999999
320031091,320030053432,1.0000000000
320031092,320030053431,0.0040797797
320031092,320030054331,6.8065672704
320031092,320030054333,19.0000000000
320031092,320030054335,3.0000000000
320031092,320030054352,0.1893529499
320031093,320030054332,32.0000000000
320031093,320030054334,32.0000000000
320031094,320030053431,14.9900184653
320031094,320030053601,18.0000000001
320031094,320030053602,19.0099815349
320031094,320030053621,7.0000000000
320031094,320030055013,2.0000000001
320031094,320030057111,5.0000000000
320031095,320030053421,2.0000000000
320031095,320030053422,4.0000000000
320031095,320030053423,10.9944874058
320031095,320030053431,0.0121832811
320031095,320030053432,10.9754348776
320031095,320030053602,2.0123818412
320031095,320030053621,4.0055125940
320031096,320030053421,11.0000000000
320031096,320030053422,6.0000000000
320031097,320030053411,16.9835848551
320031097,320030053412,10.9742887838
320031097,320030053611,17.0421263612
320031097,320030053612,1.7264972016
320031097,320030053621,0.2735027982
320031098,320030051121,11.0000000002
320031098,320030051131,0.9999999999
320031099,320030051081,9.0000000000
320031099,320030051082,13.0000000000
320031099,320030051121,8.0000000000
320031099,320030051131,10.0000000000
320031099,320030051151,7.6940114817
320031099,320030051152,14.0000000001
320031099,320030051161,1.0000000000
320031099,320030051162,4.6676494942
320031099,320030051163,6.0000000000
320031099,320030051164,8.6383390241
320031100,320030051042,11.0000000000
320031100,320030051071,4.0000000000
320031100,320030051072,4.0000000000
320031100,320030051131,9.0000000000
320031101,320030051041,6.3919662973
320031101,320030051042,3.0000000000
320031101,320030051043,3.6080337027
320031102,320030051031,10.0000000000
320031102,320030051032,4.0000000000
320031103,320030028082,0.0019040036
320031103,320030051021,7.9980959964
320031103,320030051022,2.0000000000
320031103,320030051024,7.0000000000
320031104,320030051022,10.0000000000
320031104,320030051023,8.0000000000
320031105,320030051023,6.0000000001
320031106,320030051032,2.1737110683
320031106,320030051033,11.0000000000
320031106,320030051034,0.8262889317
320031106,320030051043,2.0000000000
320031107,320030051071,14.0000000000
320031107,320030051072,7.0000000000
320031107,320030051073,18.0000000000
320031108,320030051061,7.0000000000
320031108,320030051062,11.0000000000
320031109,320030051061,3.0000000000
320031110,320030053131,15.0000000000
320031110,320030053132,12.0000000000
320031111,320030053133,12.0000000000
320031111,320030053134,18.0000000000
320031112,320030053141,11.0000000000
320031112,320030053142,1.0000000000
320031113,320030053141,6.0000000000
320031113,320030053142,7.9999999999
320031114,320030053631,0.9999999999
320031114,320030053641,12.0000000000
320031114,320030053643,15.0000000000
320031115,320030053641,6.0000000000
320031115,320030053642,8.0000000000
320031116,320030053142,1.0000000000
320031116,320030053181,4.0000000000
320031116,320030053182,5.0000000000
320031116,320030053183,7.0000000000
320031116,320030053211,5.0000000000
320031117,320030053171,3.2351713993
320031117,320030053172,6.0000000000
320031117,320030053173,5.0000000000
320031117,320030053174,0.6574388079
320031117,320030053175,4.1073897928
320031118,320030053173,1.0000000000
320031118,320030053191,13.0000000000
320031118,320030053211,7.0000000000
320031118,320030053212,6.0000000000
320031118,320030053213,9.0000000000
320031118,320030053492,2.0000000000
320031119,320030053522,7.7099837677
320031119,320030053531,11.5828140466
320031119,320030053532,1.7072021855
320031119,320030053541,2.3551154648
320031119,320030053542,9.5892451393
320031119,320030053663,0.0556393959
320031120,320030053331,20.0000000000
320031120,320030053332,9.0000000000
320031120,320030053371,10.0000000000
320031120,320030053372,18.0000000000
320031120,320030053381,9.0000000000
320031120,320030053382,8.0000000000
320031120,320030053383,11.0000000000
320031120,320030053521,17.0000000000
320031122,320030053491,19.8871290362
320031122,320030053492,8.1194166038
320031122,320030053501,21.7716394715
320031122,320030053502,8.2218148884
320031122,320030053511,0.4717768853
320031122,320030053512,11.5283796358
320031122,320030053551,11.2911557175
320031122,320030053552,8.0723986487
320031122,320030053553,2.0000000000
320031122,320030053561,3.2497099097
320031122,320030053562,6.1111225163
320031122,320030053581,0.0680175238
320031122,320030053582,0.1178707537
320031122,320030053651,4.1084509512
320031122,320030053652,1.5358272774
320031122,320030053661,5.3682186168
320031122,320030053662,15.0183126041
320031122,320030053663,4.0457207782
320031122,320030057111,0.0130381815
320031123,320030028081,0.0273241579
320031123,320030053121,7.9726758421
320031124,320030053111,10.0000000000
320031124,320030053112,13.0000000000
320031124,320030053121,9.0000000000
320031124,320030053122,12.0000000000
320031125,320030053161,13.0000000000
320031125,320030053163,16.0000000000
320031126,320030053162,10.0000000000
320031127,320030053192,3.0000000000
320031127,320030053201,15.0000000000
320031127,320030053202,15.0000000000
320031127,320030053203,14.0000000000
320031128,320030028461,0.9999999999
320031128,320030028511,1.0000000000
320031128,320030028531,1.0000000001
320031128,320030053221,17.3209845668
320031128,320030053222,9.6779096606
320031128,320030053461,1.4521228211
320031128,320030053462,2.1399154858
320031128,320030053472,9.8961391944
320031128,320030053481,18.0000000000
320031128,320030053482,19.4079616931
320031128,320030053491,0.0011057726
320031128,320030057201,1.1038608057
320032001,320030059051,12.0000000000
320032002,320030056071,0.0055857908
320032002,320030056142,1.0136160397
320032002,320030059031,18.9838595449
320032002,320030059041,1.3771837675
320032002,320030059051,8.6076837018
320032002,320030076004,0.0120711553
320032003,320030033071,0.0009846744
320032003,320030036191,0.1095413407
320032003,320030036201,0.2255183063
320032003,320030036202,0.1067515297
320032003,320030036211,0.0510423493
320032003,320030036261,13.3846848914
320032003,320030036262,0.2014566188
320032003,320030036271,0.2611346123
320032003,320030036272,0.3121052887
320032003,320030036311,0.2081144418
320032003,320030036312,1.9999999999
320032003,320030036321,3.0000000000
320032003,320030036322,8.7910160111
320032003,320030036331,0.0000006162
320032003,320030036351,15.6766869134
320032003,320030036353,11.0000000000
320032003,320030036361,9.3233130865
320032003,320030036362,7.0000000000
320032003,320030036371,10.5455604246
320032003,320030036372,3.6082874555
320032003,320030036381,8.7323565038
320032003,320030036471,0.0311636821
320032003,320030036472,0.3574492996
320032003,320030036481,0.4667805035
320032003,320030036491,6.9392779763
320032003,320030036501,1.7367086726
320032003,320030036511,2.0003448729
320032003,320030036521,1.0794993146
320032003,320030036522,0.5100198602
320032003,320030036531,0.3503471560
320032003,320030036532,0.4368757397
320032003,320030036561,0.3825878882
320032003,320030036571,2.8240442782
320032003,320030036581,0.0226471513
320032003,320030036591,0.0033871934
320032003,320030036592,0.0195754273
320032003,320030036601,0.3164329376
320032003,320030036611,0.2471060495
320032003,320030036621,0.0758669280
320032003,320030036631,0.1134621073
320032003,320030036641,0.4347598817
320032003,320030036651,0.4916134311
320032003,320030036661,0.5689444385
320032003,320030059021,19.0035671926
320032003,320030060011,4.0475361903
320032003,320030078021,5.0014467621
320032004,320030060011,2.0000000000
320032005,320030047151,5.0000000001
320032005,320030060011,7.0000000000
320032006,320030036352,11.7551418327
320032006,320030036354,13.2448581674
320032006,320030036362,11.0000000000
320032007,320030036301,15.0000000000
320032007,320030036302,10.0000000000
320032007,320030036303,11.9999750563
320032007,320030036331,0.0000249437
320032008,320030036091,7.0000000000
320032008,320030036092,8.0000000000
320032009,320030036101,16.9993087637
320032009,320030036102,9.0000000000
320032009,320030036331,17.0006902231
320032009,320030036341,6.5239153760
320032009,320030036342,10.0974236391
320032009,320030036343,8.3786619980
320032009,320030036401,1.0000000000
320032010,320030036541,0.7817371937
320032010,320030036551,9.2182628062
320032010,320030036552,10.0000000000
320032010,320030036553,9.0000000000
320032011,320030036151,15.0000000000
320032011,320030036152,5.0000000000
320032011,320030036261,5.0000000000
320032011,320030036391,15.0000000000
320032011,320030036401,8.6087405917
320032011,320030036411,3.3912594084
320032011,320030036511,1.0000000000
320032012,320030036392,12.0000000000
320032012,320030036401,0.0004796632
320032012,320030036411,2.9995203369
320032012,320030036501,0.9999999999
320032012,320030036512,1.9999999999
320032015,320030041001,7.0000000000
320032015,320030041002,18.0000000000
320032016,320030040001,6.0000000000
320032016,320030041001,5.0000000000
320032016,320030041003,3.0000000000
320032017,320030040001,2.0000000000
320032017,320030041001,1.0000000000
320032018,320030038005,2.0000000000
320032019,320030040002,8.0000000000
320032020,320030038004,3.0000000000
320032021,320030038002,1.0000000000
320032021,320030038003,1.0000000000
320032021,320030038004,2.0000000000
320032022,320030040001,11.0000000000
320032022,320030040002,10.0000000000
320032023,320030041003,8.0000000000
320032023,320030041004,11.0000000000
320032024,320030040001,1.0000000000
320032025,320030033071,21.7541991912
320032025,320030033072,23.2458008086
320032025,320030033081,13.0000000000
320032025,320030033091,2.4470504801
320032025,320030033092,11.2321686414
320032025,320030033093,5.7678313584
320032025,320030033111,3.2952092770
320032025,320030033112,1.5529495199
320032025,320030033121,12.1210313270
320032025,320030033122,2.2071063947
320032025,320030033131,2.2016933271
320032025,320030033132,1.0513909035
320032025,320030033141,1.6988312301
320032025,320030033142,2.1587801590
320032025,320030033143,4.6516765119
320032025,320030033144,0.7167126286
320032025,320030033161,0.2908482660
320032025,320030033162,8.7091517342
320032025,320030033163,2.0000000000
320032025,320030033221,9.0000000000
320032025,320030033222,2.0000000000
320032025,320030033231,0.8975682413
320032026,320030032351,1.2263518513
320032026,320030032352,0.4289606321
320032026,320030033143,0.0020663075
320032026,320030033151,10.0000000000
320032026,320030033152,10.0000000000
320032026,320030033161,7.0000000001
320032026,320030033162,10.9979336927
320032026,320030033163,2.0000000000
320032026,320030033171,10.0271117202
320032026,320030033172,9.0000000000
320032026,320030033181,28.1469538969
320032026,320030033191,12.7155974452
320032026,320030033192,13.0000000000
320032026,320030033193,9.0000000000
320032026,320030033201,17.4550244544
320032026,320030033202,14.0000000000
320032026,320030033211,14.0000000000
320032029,320030033031,18.9987816631
320032029,320030033032,12.0000000000
320032029,320030033033,8.0000000000
320032029,320030033201,1.9664669942
320032029,320030033202,0.0347513426
320032033,320030033081,6.0000000000
320032034,320030033051,5.0000000000
320032034,320030033052,15.0000000000
320032034,320030033053,16.0000000000
320032034,320030033054,10.0000000000
320032034,320030033055,12.0000000000
320032035,320030033061,9.0000000000
320032035,320030033062,15.0000000000
320032035,320030033063,15.0000000000
320032035,320030033064,18.0000000000
320032035,320030033072,5.0000000000
320032037,320030034101,21.0000000000
320032037,320030034102,12.0000000000
320032038,320030034102,5.9999999999
320032038,320030034141,1.0000000000
320032039,320030032044,1.0000000000
320032039,320030034091,8.0000000000
320032039,320030034093,4.0000000000
320032039,320030034132,4.0000000000
320032042,320030034081,2.0000000000
320032042,320030034091,2.0000000000
320032042,320030034092,16.0000000000
320032043,320030034092,5.0000000000
320032043,320030034093,7.0000000000
320032044,320030034141,21.0008912051
320032044,320030034142,18.9991087949
320032046,320030034122,7.0000000000
320032046,320030034132,12.0000000000
320032047,320030034122,13.0000000000
320032048,320030034121,16.0000000000
320032049,320030034123,12.0000000000
320032050,320030034123,1.0000000000
320032051,320030034133,2.0000000000
320032052,320030034133,1.0000000000
320032053,320030034131,3.0000000000
320032053,320030034132,3.0000000000
320032053,320030034133,7.0000000000
320032054,320030034131,3.0000000000
320032055,320030034131,3.0000000000
320032056,320030004021,4.0000000000
320032057,320030005102,7.0000000000
320032058,320030005101,8.0000000000
320032058,320030005102,6.0000000000
320032059,320030005251,1.0000000000
320032060,320030005251,4.0000000000
320032060,320030005252,2.0000000000
320032061,320030005252,5.0000000000
320032061,320030005253,8.0000000000
320032062,320030005261,9.0000000000
320032062,320030005262,9.0000000000
320032063,320030005141,2.0000000000
320032063,320030005142,18.0000000000
320032063,320030005143,6.0000000000
320032063,320030005144,7.0000000000
320032063,320030005145,5.0000000000
320032064,320030005164,2.0000000000
320032065,320030005131,7.9988686232
320032065,320030005132,1.0000000000
320032065,320030005133,5.0000000000
320032065,320030005283,0.0011313768
320032066,320030005271,3.6786114734
320032066,320030005273,6.3213885266
320032066,320030005281,10.1073540809
320032066,320030005282,2.2606655484
320032066,320030005283,1.6319803707
320032067,320030005272,14.0000000000
320032067,320030005273,4.0000000000
320032069,320030005132,1.0000000000
320032069,320030005151,6.0000000002
320032069,320030005153,6.0000000000
320032069,320030005154,10.0000000000
320032070,320030005132,3.0000000001
320032070,320030005152,9.0000000000
320032070,320030005153,5.0000000000
320032071,320030005171,6.0000000000
320032071,320030005172,9.5893490489
320032071,320030005173,9.9998178790
320032071,320030005174,9.4106509511
320032071,320030005191,0.0001821210
320032072,320030005161,5.0000000000
320032072,320030005162,2.0000000000
320032073,320030005163,12.0000000000
320032073,320030005164,16.9999999999
320032074,320030005191,7.0000000000
320032074,320030005192,8.0000000000
320032074,320030005193,13.0000000000
320032074,320030005194,4.0000000000
320032075,320030056135,1.0000000000
320032075,320030059021,23.9999830377
320032075,320030059031,1.0003315885
320032075,320030059041,2.9996684114
320032075,320030076002,3.0000169623
320032076,320030036491,2.9256004104
320032076,320030056134,8.1322614734
320032076,320030056135,8.8414898903
320032076,320030059021,190.4253089102
320032076,320030059022,36.8944138430
320032076,320030075001,1.8754560744
320032076,320030078021,11.9054693973
320032076,320030078022,1.0000000000
320032077,320030056133,30.2118122763
320032077,320030056134,8.0305673717
320032077,320030056135,22.7543259171
320032077,320030059021,0.0032944348
320032077,320030076002,4.0000000000
320032078,320030056131,5.0000000000
320032078,320030056132,1.0000000000
320032078,320030056133,0.9999999999
320032078,320030056134,36.0000000001
320032079,320030056134,1.0000000000
320032082,320030036491,14.0000000000
320032082,320030059021,1.0000000000
320032082,320030078022,5.0000000000
320032083,320030036491,1.0000000000
320032083,320030060011,5.0000000000
320032084,320030047031,7.0000000000
320032084,320030060011,5.5521783426
320032084,320030060012,0.4478216575
320032085,320030036491,3.0000000000
320032085,320030047031,5.0000000000
320032085,320030047032,8.0000000000
320032085,320030060011,0.1371795717
320032085,320030060012,0.8401948264
320032085,320030060013,2.0050914541
320032085,320030060014,2.8963213762
320032085,320030060015,1.1212127715
320032087,320030036381,3.0000000000
320032087,320030036392,1.0000000000
320032087,320030036501,2.7324399396
320032087,320030036511,6.0000664226
320032087,320030036521,0.2990183598
320032087,320030036522,1.9684752783
320032091,320030033162,5.0000000000
320032095,320030033031,4.0000326818
320032095,320030033032,3.9999673182
320032095,320030033033,2.9999999999
320032095,320030033081,6.9999999999
320032095,320030033121,10.2212765837
320032095,320030033143,8.4743618874
320032095,320030033144,0.0127857740
320032095,320030033191,1.0000000000
320032095,320030033201,5.9968884569
320032095,320030033202,24.0029770471
320032095,320030033211,5.0000000001
320032095,320030033212,7.0000000000
320032095,320030033221,15.2915505114
320032095,320030033222,9.0001597393
320032095,320030033231,3.0000000000
320032099,320030033072,9.0000000000
320032099,320030033081,7.0000000000
320032102,320030033055,2.0000000000
320032103,320030034091,6.0000000002
320032104,320030034123,7.0000000000
320032105,320030034132,4.0000000000
320032105,320030034133,7.9999999999
320032106,320030034132,3.0000000000
320032107,320030062041,3.0000000000
320032107,320030072002,4.0000000000
320032107,320030072004,1.0000000000
320032107,320030078021,3.0000000000
320032108,320030047125,1.0000000000
320032108,320030062021,0.0000362066
320032108,320030062032,0.0009259265
320032108,320030078011,1.8554958009
320032108,320030078022,8.1435420659
320032109,320030047152,10.0000000001
320032110,320030047151,17.0000000000
320032111,320030047031,6.0000000000
320032112,320030047132,1.0000000000
320032113,320030047121,0.5078626508
320032113,320030047122,0.8229795061
320032113,320030047123,9.0000000000
320032113,320030047125,0.4376697828
320032113,320030047126,7.2314880603
320032114,320030047124,2.0000000000
320032114,320030047126,2.0000000000
320032115,320030062012,1.0000000000
320032115,320030062021,1.0810657596
320032115,320030062031,17.0000000000
320032115,320030062032,11.9189342404
320032115,320030062041,12.0000000000
320032115,320030062042,11.0000000000
320032116,320030062011,7.0000000000
320032116,320030071001,10.0000000000
320032117,320030047132,3.0000000000
320032117,320030047172,7.0000000000
320032118,320030047072,8.0000000000
320032118,320030047172,1.0000000000
320032119,320030047101,7.9999999999
320032119,320030047102,9.0000000001
320032119,320030047103,3.0000000001
320032120,320030047092,3.0000000000
320032120,320030047094,6.0000000000
320032120,320030071001,2.0000000000
320032120,320030071002,4.0000000000
320032120,320030071003,4.0000000000
320032121,320030071001,2.0000000000
320032121,320030071002,2.0000000000
320032122,320030047091,4.9110768595
320032122,320030047093,1.0000000000
320032122,320030047095,7.0889231405
320032123,320030062011,5.0000000000
320032123,320030062012,11.0000000000
320032124,320030062011,4.0000000000
320032124,320030062012,4.0000000000
320032124,320030062021,1.0000000000
320032125,320030049161,12.9994446335
320032125,320030049162,8.0000000000
320032125,320030062011,0.0005553665
320032126,320030062021,14.0000000000
320032127,320030049171,14.0000000000
320032128,320030049172,10.0000000000
320032128,320030062022,15.9999999999
320032129,320030072003,8.0000000000
320032129,320030072004,10.0000000000
320032130,320030061032,1.0000000000
320032131,320030049182,12.0000000000
320032131,320030072001,3.0000000000
320032132,320030049181,5.0000000000
320032133,320030049151,12.9999834260
320032133,320030049152,12.0000000000
320032133,320030049161,0.0000165740
320032134,320030056134,1.0000000000
320032134,320030072001,2.0000000000
320032134,320030072002,1.0040747103
320032134,320030078021,13.9959252899
320032137,320030047152,2.0000000000
320032140,320030036491,7.8167614083
320032140,320030059021,0.0010585550
320032140,320030060011,0.1821800367
320032142,320030060011,1.0000000000
320032147,320030033142,2.3599682930
320032147,320030033143,2.4690475475
320032147,320030033144,0.1709841597
320033002,320030032041,3.0000000000
320033002,320030032042,16.0000000000
320033002,320030032043,8.0000000000
320033002,320030032044,11.9994511459
320033002,320030033052,1.0005488540
320033003,320030032041,8.0000000000
320033003,320030032045,5.0000000000
320033004,320030032371,1.9932262429
320033004,320030032391,7.4362780007
320033004,320030032392,9.8255853262
320033004,320030032393,0.4099778115
320033004,320030032691,1.7816605676
320033004,320030032701,2.3821267596
320033004,320030032702,1.1711452917
320033005,320030032101,11.0000000000
320033005,320030032102,13.0178123090
320033005,320030032103,8.9821876910
320033005,320030032104,12.0000000000
320033005,320030032111,1.0000000000
320033005,320030032131,2.0000000000
320033006,320030032102,2.2096005429
320033006,320030032103,20.7903994571
320033006,320030058721,1.0000000000
320033007,320030032271,0.9999999999
320033007,320030032491,2.1793054237
320033007,320030032492,7.4628966836
320033007,320030032501,1.0000000000
320033007,320030032502,18.1332264764
320033007,320030032621,21.2384614363
320033007,320030032622,0.0024807880
320033007,320030058221,0.1608513493
320033007,320030058222,0.1496977877
320033007,320030058223,0.1090311601
320033007,320030058241,0.0803316802
320033007,320030058242,0.1050407839
320033007,320030058243,0.1225867026
320033007,320030058581,1.0000000000
320033007,320030058721,11.9852722881
320033007,320030058731,0.2708174402
320033008,320030032511,2.0000000000
320033008,320030032512,3.0000000000
320033008,320030032621,15.0000000000
320033008,320030032622,38.0000000000
320033009,320030032081,1.0000000000
320033009,320030034081,1.0000000000
320033009,320030034082,9.0000000000
320033009,320030034083,5.0000000000
320033010,320030032081,2.0000000000
320033010,320030032082,12.0000000000
320033010,320030034081,10.0000000000
320033012,320030032401,1.0000000000
320033012,320030032402,17.0000000000
320033012,320030032403,8.0000000000
320033012,320030032411,9.9999999999
320033012,320030032412,7.0000000000
320033012,320030032413,11.0000000000
320033012,320030032691,1.0000000000
320033013,320030032403,1.0000000000
320033013,320030032412,1.0000000000
320033013,320030032413,1.0000000000
320033013,320030032422,1.0000000000
320033013,320030032431,16.0000000000
320033013,320030032441,21.0000000000
320033013,320030032442,8.0000000000
320033014,320030032432,13.0000000000
320033014,320030032433,8.0000000000
320033014,320030032442,7.0000000000
320033014,320030032461,11.5881831931
320033014,320030032462,7.4118168069
320033015,320030032432,1.0000000000
320033015,320030032451,6.0000000000
320033015,320030032452,11.0000000000
320033015,320030032453,14.0000000000
320033016,320030032462,5.0000000000
320033016,320030032463,13.0000000000
320033016,320030034112,5.0000000000
320033017,320030034111,15.0000000000
320033017,320030034112,2.0000000000
320033018,320030034112,3.0000000000
320033019,320030034271,7.5768350779
320033019,320030034272,5.4231649221
320033021,320030034272,1.0000000000
320033022,320030034272,5.0000000000
320033023,320030034262,8.0000000000
320033024,320030034261,8.0000000000
320033025,320030034162,1.0000000000
320033026,320030034153,4.0000000000
320033026,320030034154,3.0000000000
320033026,320030034161,4.0000000000
320033026,320030034162,6.0000000000
320033026,320030034163,11.0000000000
320033027,320030034154,10.0000000000
320033027,320030034155,19.0000000000
320033029,320030034151,1.9961305337
320033029,320030034152,1.0038694663
320033030,320030034151,3.9999999999
320033030,320030034181,5.0000000000
320033030,320030034182,1.0000000000
320033031,320030032473,12.0000000000
320033031,320030032482,2.0000000000
320033032,320030032471,7.0000000000
320033032,320030032472,2.9778753759
320033032,320030032483,12.0221246242
320033033,320030032472,8.7599347870
320033033,320030032481,6.0000000000
320033033,320030032483,4.2400652130
320033034,320030032101,1.3747011292
320033034,320030032102,2.1430303547
320033034,320030032111,5.0000000000
320033034,320030032112,16.0000000000
320033034,320030032371,0.0109900853
320033034,320030032391,1.4151088019
320033034,320030032392,2.5848911981
320033034,320030032413,1.0000000000
320033034,320030032441,1.0000000000
320033034,320030058721,1.4712784308
320033035,320030032112,12.0000000000
320033036,320030032142,25.0000000000
320033037,320030032141,11.0000000000
320033037,320030032142,3.0000000000
320033038,320030032111,13.0000000000
320033038,320030032112,1.0000000000
320033039,320030032111,9.0000000000
320033039,320030032131,18.0000000000
320033040,320030032131,0.2446374054
320033040,320030032132,15.7553625946
320033041,320030032184,3.0000000000
320033041,320030032511,19.0000000000
320033041,320030032512,7.0000000000
320033041,320030032521,14.6876287766
320033041,320030032522,9.3123712234
320033041,320030032523,29.0000000000
320033042,320030032181,13.0000000000
320033042,320030032182,19.0000000000
320033043,320030032183,16.4396577246
320033043,320030032184,15.2146166060
320033043,320030032231,0.3457256694
320033044,320030032151,7.0000000000
320033044,320030032191,15.0000000000
320033044,320030032193,9.0000000000
320033045,320030032152,10.0000000000
320033045,320030032153,8.0000000000
320033045,320030032154,2.0000000000
320033046,320030032154,7.0000000000
320033046,320030032192,10.0000000000
320033046,320030032194,13.0000000000
320033047,320030034182,1.0000000000
320033047,320030034183,3.0000000000
320033047,320030034191,1.0000000000
320033048,320030034182,1.0000000000
320033048,320030034211,6.0000000000
320033048,320030034212,11.0000000000
320033048,320030034213,5.0000000000
320033048,320030034221,1.0000000001
320033049,320030034191,7.0000000000
320033049,320030034192,12.0000000000
320033049,320030034193,4.5439982424
320033049,320030034194,5.0000000000
320033049,320030034195,3.4560017576
320033049,320030034201,1.0000000000
320033049,320030034203,3.0000000000
320033050,320030034221,5.0000000000
320033050,320030034222,7.0000000000
320033051,320030034223,3.6543067489
320033051,320030034224,4.0000000000
320033051,320030034225,6.3456932511
320033053,320030034202,10.0000000000
320033053,320030034203,1.0000000000
320033054,320030034203,1.0000000000
320033055,320030034203,1.0000000000
320033056,320030034203,2.0000000000
320033057,320030034203,4.0000000000
320033060,320030034224,4.0000000000
320033060,320030034231,1.0000000000
320033060,320030034232,5.0000000000
320033061,320030034231,2.0000000000
320033061,320030034233,2.0000000000
320033062,320030034233,1.0000000000
320033063,320030034232,4.0000000000
320033063,320030034233,3.0000000000
320033066,320030034233,8.0000000000
320033068,320030034203,2.0000000000
320033068,320030034233,3.0000000000
320033069,320030001082,24.0000000000
320033070,320030034235,6.0000000000
320033071,320030001063,0.0915532251
320033071,320030001081,24.8941018161
320033071,320030001091,1.0143449588
320033071,320030001092,6.0000000000
320033072,320030001091,11.0000000000
320033073,320030001093,14.0000000000
320033074,320030031031,7.0000000000
320033074,320030031032,5.0000000000
320033074,320030034234,9.0000000000
320033075,320030031031,4.0000000000
320033075,320030031032,3.0000000000
320033075,320030031041,4.0000000000
320033075,320030031042,5.9999999999
320033076,320030031021,4.0000000000
320033077,320030031022,6.0000000001
320033078,320030030033,0.2445103938
320033078,320030031023,9.7554896062
320033079,320030030011,1.3655306956
320033079,320030030042,1.4719136743
320033079,320030031023,1.0363485812
320033079,320030031024,7.1262070489
320033080,320030030032,7.0000000000
320033080,320030030033,7.0000000000
320033080,320030031041,1.0000000000
320033081,320030030033,1.6217149713
320033081,320030030041,1.0000000000
320033081,320030030042,6.0291822555
320033081,320030031023,0.3491027732
320033082,320030030031,13.0000000000
320033082,320030030032,4.0000000000
320033082,320030030033,4.0000000000
320033082,320030030041,0.7401730911
320033082,320030030042,0.2598269089
320033083,320030032202,8.0000000000
320033083,320030032203,9.0000000000
320033083,320030032204,10.0000000000
320033084,320030032201,11.0000000000
320033084,320030032202,6.0000000000
320033084,320030032205,5.5898393321
320033084,320030032206,5.4101606678
320033084,320030032531,1.0000000000
320033085,320030032203,1.9999999999
320033085,320030032541,14.0000000000
320033085,320030032542,12.0000000000
320033086,320030032221,15.0000000000
320033086,320030032222,14.0000000001
320033086,320030032223,16.0000000000
320033086,320030032231,9.0000000000
320033086,320030032232,10.0000000000
320033086,320030032261,1.6569738163
320033086,320030032262,11.3430261837
320033086,320030032491,1.0000000000
320033087,320030032531,9.0000000000
320033087,320030032601,1.0000000000
320033087,320030032612,9.0000000000
320033088,320030032531,4.0000000000
320033088,320030032532,1.0000000000
320033088,320030032542,8.0000000000
320033089,320030032532,7.0000000000
320033089,320030032601,5.0000000000
320033089,320030032603,1.0000000000
320033089,320030032611,9.0000000000
320033090,320030032533,6.0000000000
320033090,320030032601,1.0000000000
320033090,320030032602,9.0000000000
320033090,320030032603,9.0000000000
320033091,320030030011,8.0000000000
320033092,320030001062,17.0000000000
320033093,320030001061,5.0000000000
320033093,320030001062,1.9465853298
320033093,320030001063,6.0534146702
320033095,320030001071,11.0000000000
320033095,320030001072,13.0000000000
320033096,320030001072,1.0000000000
320033097,320030001051,3.0000000000
320033097,320030001052,6.0000000000
320033097,320030001053,8.0000000000
320033097,320030001071,5.0000000000
320033097,320030001072,2.0000000000
320033098,320030034281,11.0000000000
320033099,320030034291,6.0000000000
320033100,320030034292,2.8154736612
320033100,320030034293,1.1845263387
320033100,320030034294,5.0000000000
320033101,320030034294,9.0000000000
320033102,320030001012,1.0000000000
320033102,320030001013,5.0000000000
320033102,320030001014,19.0000000000
320033102,320030034294,1.0000000000
320033103,320030001011,16.0000000000
320033103,320030001012,2.3682455737
320033103,320030001051,0.6317544263
320033104,320030001011,0.0000159364
320033104,320030001012,9.9999840636
320033105,320030002031,10.0000000000
320033105,320030002032,6.0000000000
320033106,320030002031,2.0000000000
320033106,320030002032,3.0000000000
320033106,320030002033,13.0000000000
320033107,320030001011,0.0124345790
320033107,320030001051,0.9947882868
320033107,320030010051,7.9927771342
320033107,320030010052,2.0000000000
320033108,320030010052,11.0000000000
320033109,320030001051,7.0000000000
320033109,320030001052,1.0000000000
320033110,320030001052,7.0000000000
320033110,320030001053,8.0000000000
320033111,320030010032,8.0000000000
320033111,320030010041,5.0000000000
320033111,320030010042,7.0000000000
320033112,320030010044,4.0000000000
320033113,320030010045,14.0000000000
320033113,320030010046,8.0000000000
320033114,320030010042,1.0000000000
320033114,320030010043,9.0000000000
320033115,320030010043,7.0000000000
320033115,320030010061,14.0000000000
320033115,320030010062,3.0000000000
320033115,320030010063,2.0000000000
320033116,320030010061,3.0000000000
320033116,320030010063,1.0000000000
320033117,320030010062,6.0000000000
320033118,320030010062,1.0000000000
320033118,320030010063,8.0000000000
320033119,320030002041,7.0000000000
320033119,320030002042,16.0000000000
320033120,320030010031,3.0000339441
320033120,320030010032,7.9999660557
320033121,320030010031,3.0000000000
320033123,320030010031,1.0000000000
320033124,320030010033,1.0000000000
320033125,320030010031,4.0000000000
320033125,320030010033,8.0000000000
320033126,320030010031,1.0000000000
320033126,320030029053,7.0000000000
320033126,320030029054,7.0000000000
320033127,320030029052,7.0000000000
320033127,320030029054,4.0000000000
320033128,320030058052,15.0000000000
320033128,320030058053,7.0000000000
320033129,320030058041,4.0000000000
320033129,320030058042,5.0000000000
320033129,320030058051,13.0000000000
320033130,320030058031,6.8249618988
320033130,320030058032,11.0000000000
320033130,320030058033,11.0000000000
320033130,320030058034,5.1750381012
320033130,320030058043,5.0000000000
320033130,320030058044,11.0000000000
320033131,320030059021,15.0000000002
320033133,320030058181,11.0305801567
320033133,320030058182,24.9658294807
320033133,320030059021,1.0035903626
320033136,320030058182,3.3484523968
320033136,320030059021,34.6515476031
320033137,320030032291,11.8519805746
320033137,320030058181,23.5618224999
320033137,320030058721,13.0000000000
320033137,320030059021,3.7120745869
320033137,320030075001,105.7785769093
320033137,320239604121,1.0955454296
320033138,320030075001,26.0000000000
320033139,320030032291,2.0000000000
320033139,320030033161,2.0000000000
320033140,320030032291,2.0000000000
320033140,320030033161,1.0000000000
320033141,320030032281,0.1287209069
320033141,320030032283,0.0001851804
320033141,320030032291,1.0001974357
320033141,320030032331,1.6988846960
320033141,320030032332,8.6040140174
320033141,320030032333,0.0706462838
320033141,320030032341,0.0626883872
320033141,320030032343,0.1228030620
320033141,320030032351,0.5264491314
320033141,320030032361,17.4735508686
320033141,320030032631,0.4575194386
320033141,320030032632,0.1398274245
320033141,320030032641,0.0080099123
320033141,320030032642,0.0119113178
320033141,320030032643,0.0840153222
320033141,320030032651,0.0140164464
320033141,320030032652,0.0202899634
320033141,320030032653,0.0101550094
320033141,320030032661,5.9961581658
320033141,320030032662,1.3579168974
320033141,320030032671,49.9179090151
320033141,320030032672,21.9108141417
320033141,320030032681,38.3833169764
320033141,320030032682,50.0000000000
320033142,320030032351,3.0000000000
320033143,320030032281,0.0201061587
320033143,320030032282,0.0373354158
320033143,320030032283,1.1578363291
320033143,320030032291,1.4445697177
320033143,320030032292,0.3381378186
320033143,320030032333,0.0001729106
320033143,320030032342,0.0620592253
320033143,320030032351,3.9738841159
320033143,320030032352,9.7512765098
320033143,320030032361,10.2592366637
320033143,320030032362,10.7572238502
320033143,320030032631,0.1265628249
320033143,320030032632,0.0706234802
320033143,320030032681,0.0009749795
320033143,320030033031,1.0000000000
320033145,320030032041,3.0000000000
320033145,320030032045,23.0000000001
320033145,320030032081,27.0000000000
320033145,320030032082,9.0000000001
320033145,320030032421,4.0000000000
320033145,320030032422,2.0000000001
320033146,320030032371,4.7595614502
320033146,320030032401,24.2996073961
320033146,320030032403,4.0000000000
320033146,320030032421,2.0000000000
320033146,320030032422,4.0000000001
320033146,320030032431,1.0000000000
320033146,320030032691,1.9408311538
320033147,320030032402,1.0000000000
320033147,320030032403,1.0000000000
320033151,320030034082,1.0000000000
320033152,320030034081,5.0000000000
320033154,320030032413,3.0000000000
320033154,320030032441,1.0000000000
320033162,320030032432,1.0000000000
320033162,320030032451,1.0000000000
320033162,320030032461,2.0000000000
320033165,320030032453,5.0000000000
320033165,320030034111,1.9999999999
320033167,320030032453,1.0000000000
320033167,320030032463,2.0000000000
320033170,320030034112,4.0000000000
320033172,320030034272,3.0000000000
320033173,320030034262,2.0000000001
320033174,320030034261,6.0000000000
320033175,320030034155,10.0000000001
320033175,320030034162,0.9999999998
320033175,320030034163,2.0000000000
320033177,320030034161,4.0000000000
320033178,320030034233,2.0000000000
320033179,320030034233,2.0000000000
320033180,320030034233,2.0000000000
320033181,320030034203,12.0000000000
320033183,320030034233,9.0000000000
320033184,320030034235,6.0000000000
320033185,320030034294,13.0000000001
320033186,320030010031,10.0000000000
320033187,320030010031,12.0000000000
320033187,320030010033,7.0000000000
320033188,320030058721,3.0000000000
320033188,320030075001,12.0000000001
320033195,320030032222,16.0000000000
320033195,320030032223,1.0000000000
320033195,320030032232,6.0000000000
320033195,320030032271,9.0000000000
320033195,320030032272,6.0000000000
320033195,320030032491,26.7261501963
320033195,320030032501,8.0000000000
320033195,320030032502,18.0000000000
320033195,320030032621,0.1250466694
320033195,320030032622,2.1488031343
320034001,320030046011,1.0000000000
320034001,320030046012,10.0057723211
320034001,320030046021,13.9942276789
320034001,320030046022,1.0000000000
320034002,320030036104,14.0000000000
320034002,320030036152,5.0000000000
320034002,320030036261,18.9804924468
320034002,320030036402,7.0000499065
320034002,320030036412,14.9999500933
320034002,320030036421,17.0000000000
320034002,320030036431,15.0000000000
320034002,320030036442,4.9999999998
320034002,320030046011,1.0195075532
320034002,320030046021,2.0000000000
320034003,320030036094,14.0000000000
320034003,320030036103,15.0000000000
320034003,320030036131,14.0000000000
320034003,320030036451,1.0000000000
320034004,320030036093,12.0000000000
320034004,320030036461,19.0000000000
320034005,320030036132,38.0000000000
320034005,320030036133,16.0000000000
320034005,320030036432,16.0000000000
320034005,320030036441,12.0000000000
320034005,320030036451,8.0000000000
320034005,320030036462,13.0000000000
320034007,320030045002,2.0000000000
320034007,320030045004,8.0000000000
320034007,320030046011,7.0000000000
320034007,320030046013,8.0000000000
320034007,320030046021,2.0000000000
320034008,320030044011,0.0000638384
320034008,320030045002,8.0000000000
320034008,320030045003,11.9999361616
320034008,320030046013,5.0000000000
320034008,320030046022,6.0000000000
320034009,320030042002,7.0000000000
320034009,320030042004,12.0000000000
320034010,320030043011,5.0000000000
320034010,320030043012,9.0000000000
320034011,320030044011,8.9322856893
320034011,320030044012,13.0677143107
320034011,320030044013,12.0000000000
320034011,320030044021,2.0000000000
320034011,320030044022,4.0000000000
320034011,320030044023,7.0000000000
320034012,320030045001,3.0000000000
320034013,320030045001,3.0000000000
320034013,320030045004,1.0000000000
320034014,320030044022,0.0003625159
320034014,320030045001,4.9996374841
320034015,320030037002,5.9999999999
320034015,320030038001,18.3001918567
320034015,320030038002,9.0000000000
320034015,320030038003,0.6998081433
320034015,320030038004,1.0000000000
320034015,320030038005,2.0000000000
320034015,320030044013,1.0000000000
320034015,320030044021,2.0000000000
320034015,320030044022,7.0000000000
320034016,320030037002,7.8311382625
320034016,320030045001,1.1688617375
320034017,320030036171,35.9999999999
320034017,320030037001,31.0000000000
320034018,320030003021,0.0006291725
320034018,320030036161,21.0000000000
320034018,320030036162,5.0000000000
320034018,320030036163,9.4296534039
320034018,320030036164,15.5697174235
320034019,320030036162,2.0000000000
320034020,320030037001,6.9999938349
320034020,320030037002,9.0000061651
320034021,320030038002,4.0000000000
320034021,320030038003,10.0000000000
320034022,320030038003,1.0000000000
320034022,320030038004,1.0000000000
320034023,320030038002,2.0000000000
320034024,320030038005,3.0000000000
320034024,320030043021,5.0000000000
320034024,320030043022,2.0000000000
320034024,320030043024,2.0000000000
320034025,320030043021,6.0000000000
320034025,320030043022,2.0000000000
320034025,320030043023,3.0000000000
320034026,320030042001,6.0000000000
320034026,320030042003,10.0000000000
320034026,320030042004,2.0000000000
320034026,320030042005,3.0000000000
320034027,320030042001,4.0000000000
320034027,320030042005,6.0000000000
320034028,320030003011,19.0000000000
320034029,320030035001,19.0000000000
320034029,320030035002,19.0000000000
320034030,320030003022,4.0000000000
320034030,320030003024,10.0000000000
320034031,320030002013,6.0000000000
320034031,320030003021,6.0000000000
320034032,320030034301,12.0000000000
320034032,320030034302,12.0000000000
320034032,320030034311,10.0000000000
320034032,320030034312,4.0000000000
320034032,320030034313,4.0000000000
320034033,320030001015,5.0000000000
320034035,320030001015,6.0000000000
320034035,320030002011,5.0000000000
320034035,320030002012,1.0000000000
320034036,320030002011,7.0000000000
320034036,320030002012,1.0000000000
320034036,320030002013,5.0000000000
320034037,320030002013,5.0000000000
320034037,320030003012,39.0000000000
320034037,320030003013,46.0000000000
320034037,320030003022,6.0000000000
320034037,320030003023,13.0000000000
320034037,320030003025,14.0000000000
320034038,320030004011,13.0000000000
320034038,320030004012,5.0000000000
320034038,320030004023,3.0000000000
320034038,320030007001,1.0000000000
320034038,320030007003,16.0000000000
320034039,320030004021,4.0000000000
320034039,320030004022,4.0000000000
320034039,320030004023,5.9999531895
320034039,320030004031,7.0000468105
320034039,320030004032,8.0000000000
320034039,320030004033,7.0000000000
320034040,320030005101,2.0000000000
320034040,320030005103,14.0000000000
320034040,320030005104,10.0000000000
320034042,320030005241,5.0000000000
320034042,320030005242,3.0000000000
320034042,320030005243,3.0000000000
320034043,320030005221,2.0000000000
320034044,320030005221,3.0000000000
320034044,320030005222,1.9111002544
320034044,320030005231,7.0000000000
320034044,320030005232,4.0888997456
320034045,320030005231,4.0000000000
320034046,320030005222,1.8981160387
320034046,320030005223,2.0000000000
320034046,320030005232,2.1018839613
320034047,320030005202,4.0000000000
320034048,320030005201,14.0000000000
320034048,320030005202,6.0000000000
320034048,320030005212,4.0000000000
320034048,320030005214,2.0000000000
320034049,320030005211,1.0000000000
320034049,320030005212,10.0000000000
320034049,320030005213,3.0000000000
320034049,320030005214,6.0000000000
320034050,320030005211,1.0000000000
320034050,320030005213,1.0000000000
320034051,320030004031,13.9541960784
320034051,320030004033,8.0458039216
320034051,320030006001,2.0000000000
320034051,320030007003,16.0000000000
320034051,320030007004,14.0000000000
320034052,320030004033,2.0000000000
320034052,320030006001,3.0000000000
320034053,320030006001,5.0000000000
320034053,320030006002,21.0000000000
320034054,320030007003,1.0000000000
320034054,320030007004,7.0000000000
320034054,320030079001,16.0000000000
320034054,320030079002,21.0000000000
320034054,320030079003,8.0000000000
320034055,320030003012,0.0953535902
320034055,320030007001,5.8757518813
320034055,320030007002,10.1242481187
320034055,320030007003,2.0000000000
320034055,320030079001,3.0000000000
320034055,320030079002,3.0000000000
320034055,320030079003,29.9046464098
320034056,320030002031,0.2306498111
320034056,320030002033,3.0000000000
320034056,320030002034,0.7693501890
320034057,320030002033,3.0000000000
320034058,320030002013,0.1989180279
320034058,320030002031,0.8010819721
320034059,320030002042,7.0755527000
320034059,320030011001,24.9258472672
320034059,320030011002,11.0000000000
320034059,320030011003,9.9986000328
320034060,320030002041,4.0000000000
320034060,320030002042,3.0000000001
320034061,320030047152,1.0000000000
320034062,320030047141,1.0000000001
320034062,320030047161,14.0000000000
320034062,320030047162,11.0000000000
320034063,320030047142,10.0000000001
320034064,320030047142,8.0000000000
320034065,320030047141,12.0000000000
320034066,320030047133,1.0000000000
320034067,320030047131,5.0000000000
320034067,320030047132,0.0000216257
320034067,320030047133,1.0000000000
320034067,320030047134,5.9999868145
320034067,320030047171,8.9999888299
320034067,320030047172,0.0000027299
320034068,320030047071,7.0000000000
320034068,320030047072,4.0000000000
320034068,320030047171,4.0000000000
320034068,320030047172,5.0000000000
320034069,320030005231,7.0000000000
320034071,320030034302,1.0000000000
320034072,320030034302,1.0000000000
320034073,320030034312,1.5663631361
320034073,320030034313,0.4336368639
320035001,320030005184,4.0000000000
320035002,320030005181,5.0000000001
320035002,320030005182,8.0003458053
320035002,320030005183,13.0000000000
320035002,320030005184,2.0000000000
320035002,320030005185,3.9996541948
320035003,320030015013,1.0000000000
320035004,320030014011,14.9999531454
320035004,320030014012,0.0000468546
320035004,320030015011,2.0000000000
320035005,320030014011,1.0000000000
320035005,320030014021,11.0000000000
320035005,320030014022,1.0000000000
320035005,320030014024,12.9783354783
320035005,320030018011,0.0216645217
320035006,320030014011,6.0000000000
320035006,320030014012,15.0000000000
320035006,320030014022,5.0000000000
320035006,320030014023,8.0000000000
320035007,320030014022,12.0000000000
320035007,320030014023,8.0000000000
320035008,320030013001,13.0000000000
320035008,320030013002,2.0000000000
320035008,320030013004,3.0000000000
320035008,320030013005,8.0000000000
320035008,320030014012,8.0000000000
320035009,320030013002,11.0000000000
320035009,320030013003,2.0000000000
320035010,320030012002,11.0000000000
320035010,320030012003,4.0000000000
320035010,320030013003,7.0000000000
320035011,320030012001,17.0000000000
320035011,320030013004,6.0000000000
320035011,320030013005,6.0000000000
320035012,320030012001,0.0000456350
320035012,320030012002,9.9999543650
320035012,320030013003,3.0000000000
320035012,320030013004,4.0000000000
320035013,320030011002,0.0000031227
320035013,320030012001,2.9987651427
320035013,320030012003,15.0012317346
320035014,320030002042,0.0000049982
320035014,320030022013,9.9999950017
320035015,320030049213,9.0000000000
320035015,320030049214,10.0000000000
320035016,320030049211,5.0000000000
320035016,320030049212,9.0000000000
320035017,320030049112,3.0000000000
320035017,320030049121,4.2798746863
320035017,320030049122,6.9999563125
320035017,320030049123,2.7201253137
320035017,320030049214,0.0000436875
320035018,320030049241,9.0000000000
320035018,320030049242,5.0000000000
320035018,320030049243,7.0000000000
320035019,320030016111,24.0000000000
320035019,320030016113,21.0000000000
320035020,320030016091,1.0000000000
320035020,320030016092,3.0000000000
320035020,320030016093,1.0000000000
320035020,320030016101,15.0000000000
320035020,320030016102,8.0000000000
320035020,320030016112,12.0000000000
320035021,320030016102,32.0000000000
320035021,320030016112,32.0000000000
320035022,320030015021,1.0000000000
320035022,320030015022,1.0000000000
320035022,320030015023,0.3426262428
320035022,320030016082,2.0000000000
320035022,320030016091,3.0000000000
320035022,320030016092,6.6573737573
320035022,320030016093,18.0000000000
320035022,320030016094,7.0000000000
320035023,320030015022,5.0000000000
320035023,320030015023,1.0000000000
320035024,320030015021,1.0000000000
320035024,320030015024,2.0000000000
320035025,320030018011,11.0000000000
320035025,320030018012,4.5299073349
320035025,320030018014,0.2592028603
320035025,320030018015,0.2108898047
320035026,320030018014,4.9999904664
320035026,320030018015,2.0000095336
320035027,320030018013,3.0000000000
320035027,320030018014,7.0000000000
320035028,320030016081,12.0445969397
320035028,320030016082,7.9554030603
320035029,320030016141,0.1411638158
320035029,320030016142,1.3178490754
320035029,320030016151,5.3079052720
320035029,320030016152,1.0000000000
320035029,320030016153,5.2330818369
320035030,320030016131,13.0000000000
320035030,320030016133,1.0000000000
320035032,320030016132,7.9999724198
320035032,320030016133,9.0000275802
320035033,320030049242,8.0000000000
320035034,320030049111,11.0000000000
320035034,320030049112,3.9999999999
320035035,320030050061,0.1421582282
320035035,320030050062,0.4378365441
320035035,320030050063,15.0000000000
320035035,320030050064,0.1907327740
320035035,320030050065,0.2292724537
320035036,320030016072,13.0000000000
320035036,320030016073,10.0000000000
320035037,320030016072,1.0000000000
320035037,320030017091,11.0000000000
320035037,320030017101,10.0000000000
320035038,320030017101,4.0000000000
320035039,320030017101,4.0000000000
320035040,320030017091,5.0000000000
320035041,320030017081,1.0000000000
320035041,320030017082,18.0000000000
320035042,320030017081,9.9999867448
320035042,320030017082,2.0000000000
320035042,320030018015,0.0000132552
320035043,320030017062,14.0000000000
320035044,320030015011,2.0000000000
320035044,320030015012,7.0000000000
320035044,320030015013,6.0000000000
320035044,320030015022,10.0000000000
320035046,320030022013,8.0000000001
320035046,320030023021,16.0000000000
320035046,320030029953,0.4641677327
320035046,320030067001,3.5358322673
320035047,320030020001,4.0000000000
320035047,320030020002,1.0000000000
320035047,320030020003,2.0000000000
320035047,320030023031,1.0000000000
320035048,320030023021,4.0000000000
320035049,320030020001,2.0000000000
320035049,320030020002,5.0000000000
320035050,320030020003,4.0000000000
320035051,320030019011,1.4648445898
320035051,320030019012,8.0000000000
320035051,320030019013,1.5351554102
320035051,320030019014,8.0000000000
320035052,320030019021,2.0000000000
320035053,320030019021,6.0000000000
320035053,320030019022,3.0000000000
320035053,320030019023,11.0000000000
320035055,320030019022,5.0000000000
320035055,320030019023,5.0000000000
320035056,320030018042,3.0000000000
320035056,320030018043,2.0000000000
320035057,320030017071,1.0000000000
320035057,320030018031,9.0000000000
320035057,320030018042,6.0000000000
320035058,320030018031,3.0000000000
320035058,320030018032,2.0000000000
320035059,320030018011,8.0000000000
320035059,320030018041,4.0000000000
320035060,320030017071,4.0000000000
320035060,320030018032,6.0000000000
320035060,320030018041,2.0000000000
320035062,320030017061,6.0000000000
320035062,320030017062,5.0000000000
320035062,320030017081,6.0000000000
320035063,320030017071,10.0000000000
320035064,320030017061,3.9999702963
320035064,320030017071,0.0000297037
320035065,320030025011,3.0000000000
320035065,320030025013,5.0000000000
320035066,320030025011,13.0000000000
320035067,320030024043,2.0000000000
320035067,320030024044,5.0000000000
320035068,320030024033,1.0000000000
320035068,320030024042,1.0000000000
320035069,320030024041,0.5712708514
320035069,320030024045,0.4287291486
320035070,320030024031,1.0000000000
320035070,320030024032,0.3467929395
320035070,320030024034,0.6532070605
320035071,320030024031,4.0000000000
320035071,320030024032,1.0000000000
320035071,320030024051,1.0000000000
320035072,320030024052,2.7765991146
320035072,320030024053,3.2234008854
320035073,320030024051,5.0000000000
320035074,320030023021,5.0000000000
320035074,320030067001,4.0000000000
320035075,320030067002,3.0000000000
320035075,320030067003,0.8119769421
320035075,320030067004,4.1880230579
320036002,320030030012,3.9715798540
320036002,320030031022,0.0284201460
320036003,320030030012,4.0000000000
320036003,320030030013,4.0000000000
320036004,320030001032,4.0000000000
320036004,320030001034,4.0000000000
320036005,320030001032,5.0000000000
320036005,320030001034,4.0000000000
320036005,320030030013,2.0000000000
320036006,320030001031,2.0000000000
320036006,320030030014,8.0000000000
320036007,320030001031,6.0000000000
320036007,320030001033,5.0000000000
320036007,320030001034,2.0000000000
320036008,320030001031,2.0000000000
320036008,320030001033,4.0000000000
320036009,320030030042,0.0024663012
320036009,320030030053,4.9975336988
320036009,320030030054,6.0000000000
320036010,320030030063,8.0000000000
320036011,320030030052,7.9999099982
320036011,320030030053,3.0000000000
320036011,320030030061,0.0000900018
320036011,320030030062,3.0000000000
320036012,320030030051,11.0000000000
320036012,320030030052,2.0000000000
320036013,320030030061,6.0000000000
320036013,320030030062,8.0000000000
320036014,320030029051,2.0000000000
320036015,320030029161,4.0000000000
320036015,320030029162,38.0000000000
320036016,320030029151,7.0000000000
320036016,320030029152,8.0000000000
320036016,320030029153,17.0000000000
320036016,320030029154,8.0000000000
320036017,320030058091,3.0000000000
320036018,320030058082,3.0000000000
320036018,320030058091,10.0000000000
320036018,320030058092,1.0000000000
320036019,320030058083,4.0000000000
320036019,320030058092,7.0000000000
320036019,320030058093,10.0000000000
320036020,320030058071,1.0000000000
320036020,320030058072,6.0000000000
320036020,320030058081,8.0000000000
320036021,320030058081,1.0000000000
320036021,320030058082,7.0000000000
320036022,320030058082,1.0000000000
320036022,320030058083,13.0000000000
320036023,320030058071,6.0000000000
320036024,320030058073,8.0000000000
320036024,320030058074,10.0000000000
320036025,320030058032,0.1228024032
320036025,320030058061,7.0000000000
320036025,320030058064,4.8771975968
320036026,320030058062,9.0000000000
320036026,320030058063,9.0000000000
320036028,320030022011,3.0000000000
320036029,320030022011,3.9953850068
320036029,320030022012,3.0000000000
320036029,320030022013,0.0046149932
320036030,320030022012,7.1662117118
320036030,320030022013,9.8337882882
320036032,320030022032,11.0000000000
320036032,320030022041,2.0000000000
320036032,320030022043,2.0000000000
320036032,320030022044,1.0000000000
320036033,320030022042,2.0000003167
320036033,320030022044,0.9999996833
320036034,320030022031,6.5245016545
320036034,320030022033,2.4754983455
320036036,320030022061,7.0000000000
320036036,320030022062,15.0000000000
320036037,320030022033,0.0036665072
320036037,320030022071,0.5574068278
320036037,320030022072,0.4389266650
320036037,320030022073,2.0000000000
320036038,320030022033,1.0000000000
320036039,320030029541,1.0000000000
320036039,320030029543,3.0000000000
320036039,320030029961,2.3206457114
320036039,320030029963,3.0000000000
320036039,320030029964,0.6793542886
320036040,320030029542,8.0000000000
320036040,320030029544,1.0000000000
320036041,320030029951,6.0000000000
320036041,320030029952,1.0000000000
320036041,320030029953,8.2520485897
320036041,320030029962,0.7479514103
320036042,320030022013,6.0000000000
320036043,320030029561,4.0000000000
320036043,320030029562,16.5735774027
320036043,320030029641,8.0000000000
320036043,320030029642,3.0000000000
320036043,320030029651,14.0000000000
320036043,320030029652,14.0000000000
320036043,320030029953,0.4264225973
320036044,320030029542,0.0772509615
320036044,320030029561,9.9227490385
320036045,320030029371,1.0000000000
320036045,320030029381,8.0000000000
320036046,320030029371,1.0000000000
320036046,320030029381,6.0000000000
320036047,320030029371,14.0000000000
320036047,320030029381,14.0000000000
320036048,320030029372,11.0000000001
320036048,320030029381,6.0000000000
320036049,320030029471,26.0000000000
320036050,320030029471,3.0000000000
320036051,320030029471,8.0000000000
320036051,320030029472,16.0000000000
320036052,320030029391,7.0000000000
320036052,320030029392,7.0000000000
320036053,320030029391,15.0000000000
320036053,320030029392,28.0000000000
320036054,320030029391,0.0000026458
320036054,320030029971,1.0000000000
320036054,320030029972,10.0000000000
320036054,320030029981,10.9999973542
320036055,320030058251,16.0000000001
320036055,320030058252,9.0000000000
320036055,320030058253,14.0000000000
320036055,320030058261,7.0000000000
320036055,320030058262,4.0000000000
320036055,320030058263,8.9999999999
320036055,320030058741,7.0000000000
320036055,320030058742,19.0000000000
320036055,320030058743,5.0000000000
320036055,320030058751,6.0000000000
320036055,320030058752,5.0000000000
320036057,320030029401,4.9999999999
320036057,320030029402,11.0000000000
320036057,320030029521,7.0000000000
320036057,320030029522,3.0000000000
320036058,320030029191,15.0000000000
320036058,320030029192,8.0000000000
320036059,320030029193,11.0000000000
320036060,320030029472,15.0000000000
320036061,320030029361,2.0000000000
320036061,320030029362,6.0000000000
320036061,320030029492,12.0000000000
320036062,320030029491,13.0000000000
320036062,320030029492,4.0000000000
320036063,320030029361,7.0000000000
320036063,320030029362,10.0000000000
320036064,320030029373,4.0000000000
320036064,320030029381,6.0000000000
320036065,320030029351,16.0000000000
320036065,320030029352,10.0000000000
320036065,320030029461,3.0000000000
320036066,320030029461,9.0000000000
320036066,320030029462,8.0000000000
320036067,320030029642,1.0000000000
320036067,320030029661,4.0000000000
320036068,320030029662,1.0780598355
320036068,320030029663,0.9219401646
320036070,320030029361,0.0789188273
320036070,320030029481,18.9210811727
320036071,320030029482,11.0000000000
320036072,320030029421,8.0000000000
320036072,320030029422,2.0000000000
320036073,320030029422,11.0000000000
320036074,320030029423,7.0000000000
320036075,320030029193,0.0062415795
320036075,320030029411,4.0000000000
320036075,320030029413,9.9937584205
320036076,320030029411,6.0000000000
320036076,320030029412,8.0000000000
320036077,320030029414,6.0000000000
320036077,320030029533,4.0000000000
320036078,320030029411,1.0000000000
320036078,320030029533,3.0000000000
320036078,320030029534,9.0000000000
320036079,320030029531,8.0000000000
320036079,320030029532,8.0000000000
320036080,320030029441,14.0416545761
320036080,320030029442,0.9583454239
320036080,320030029501,13.7963433288
320036080,320030029502,9.0000000000
320036080,320030029503,15.2036566712
320036084,320030058131,9.9209950027
320036084,320030058132,4.9999999999
320036084,320030058262,2.0000000000
320036084,320030058263,2.0000000000
320036084,320030058411,3.4078169837
320036084,320030058412,0.0599196855
320036084,320030058421,0.4036473550
320036084,320030058422,0.9451391904
320036084,320030058431,0.4007002666
320036084,320030058432,0.6173870332
320036084,320030058441,10.4764330335
320036084,320030058442,7.0907086813
320036084,320030058443,1.7283942726
320036084,320030058451,9.5464730798
320036084,320030058452,1.6004388594
320036084,320030058453,12.9770938867
320036084,320030058461,6.1338465471
320036084,320030058462,2.4292055053
320036084,320030058463,0.7082325279
320036084,320030058471,3.1078665670
320036084,320030058481,5.2518236572
320036084,320030058482,1.7527836245
320036084,320030058491,7.8899137872
320036084,320030058492,7.0573681484
320036084,320030058501,2.4900201471
320036084,320030058502,0.6038632179
320036084,320030058521,0.1539261987
320036084,320030058522,0.4427647233
320036084,320030058551,8.5514086391
320036084,320030058552,0.3344351380
320036084,320030058561,10.1141562230
320036084,320030058571,7.1831183997
320036084,320030058581,17.3282940681
320036084,320030058591,4.4056176370
320036084,320030058601,3.4443621788
320036084,320030058602,0.4114954823
320036084,320030058631,1.4885523064
320036084,320030058641,5.1697116750
320036084,320030058691,0.8354767881
320036084,320030058701,0.2939245978
320036084,320030058711,0.2466981509
320036084,320030058741,1.0000000000
320036084,320030058743,1.9999999999
320036084,320030058752,7.9959867342
320036086,320030058721,3.0000000000
320036086,320030058771,1.0000000000
320036086,320030075001,14.9999999999
320036087,320030058761,6.2884811427
320036087,320239604093,0.1623563464
320036087,320239604101,26.7115188573
320036087,320239604103,14.0000000000
320036087,320239604121,2.8376436536
320036088,320030058281,4.5464904599
320036088,320030058291,14.3409245311
320036088,320030058301,1.4283430630
320036088,320030058311,24.1368358192
320036088,320030058341,17.9990129635
320036088,320030058351,0.0242539947
320036088,320030058352,0.0204791326
320036088,320030058361,0.0194277965
320036088,320030058362,0.0240530947
320036088,320030058371,0.0424768405
320036088,320030058372,0.0855821487
320036088,320030058391,3.4196741468
320036088,320030058392,2.0437310140
320036088,320030058611,0.6990585224
320036088,320030058621,1.1331172295
320036088,320030058622,6.3009414774
320036088,320030058651,4.9998304327
320036088,320030058661,1.1883612057
320036088,320030058671,1.6253349653
320036088,320030058681,1.0444093203
320036088,320030058761,13.1514503047
320036088,320030058771,22.7262115354
320036088,320030075001,11.0000000000
320036088,320239604101,1.0000000000
320036091,320030057201,6.0000000000
320036092,320030058761,93.8931807690
320036092,320030058762,146.1573026663
320036092,320030058771,1.9495165651
320036092,320030075001,1.0000000000
320036093,320030058761,17.3213652992
320036093,320030058771,1.6786347008
320036094,320030057031,3.0000000000
320036094,320030057032,1.1386449138
320036094,320030057111,1.0000000000
320036094,320030058391,4.0000000000
320036094,320030058761,52.9118385211
320036094,320030058771,19.9495165651
320036095,320030053472,0.0951655343
320036095,320030053551,0.0001794586
320036095,320030053552,1.0050450722
320036095,320030053561,0.0010254566
320036095,320030053581,0.0017152236
320036095,320030053582,0.0062266898
320036095,320030053621,0.3298770525
320036095,320030053652,0.0122930280
320036095,320030053661,0.0023493964
320036095,320030053663,0.0000954794
320036095,320030055013,1.0000000000
320036095,320030057031,19.0827145347
320036095,320030057032,55.9172854658
320036095,320030057111,40.8967692091
320036095,320030057131,0.0161423433
320036095,320030057132,0.0074606013
320036095,320030057133,0.0214493522
320036095,320030057134,0.0116602452
320036095,320030057152,0.0649070500
320036095,320030057153,0.0149109633
320036095,320030057154,0.0104522277
320036095,320030057161,0.0192077379
320036095,320030057162,0.0119590186
320036095,320030057163,0.0289556476
320036095,320030057171,0.0510154652
320036095,320030057172,0.0564046051
320036095,320030057181,0.0127733253
320036095,320030057182,0.0104289812
320036095,320030057191,0.1232700614
320036095,320030057201,6.0986471775
320036095,320030057211,0.0293181293
320036095,320030057212,0.0602954656
320036095,320030058771,2.0000000000
320036102,320030057111,1.0000000000
320036103,320030057032,3.0000000000
320036103,320030057111,34.9999999999
320036104,320030053471,12.7990420883
320036104,320030053472,2.0985285495
320036104,320030053482,0.8192319031
320036104,320030053552,4.8107366919
320036104,320030053553,0.1892951725
320036104,320030057111,1.2185704464
320036104,320030057112,9.1100707662
320036104,320030057151,0.2480908293
320036104,320030057152,0.0857417803
320036104,320030057153,5.2027897030
320036104,320030057154,1.1477886057
320036104,320030057171,0.0467103193
320036104,320030057211,0.0954117934
320036104,320030057212,0.0133448225
320036104,320030057221,13.0027024087
320036104,320030057222,8.4525314930
320036104,320030057223,7.6594126267
320037002,320030054371,28.0266389011
320037002,320030054381,2.0000000000
320037002,320030054382,1.0000000000
320037002,320030054411,1.9076877925
320037002,320030054421,0.0656733065
320037003,320030054402,1.0000000000
320037005,320030054401,7.2335342381
320037005,320030054402,4.0000000000
320037005,320030054403,12.7664657619
320037006,320030051121,1.0000000000
320037006,320030051131,0.3173072754
320037006,320030051141,0.6826927246
320037007,320030051121,6.0000000000
320037007,320030051131,0.6610256170
320037007,320030051141,2.3389743831
320037007,320030054402,2.0000000000
320037008,320030051112,4.0000000000
320037008,320030051131,8.0000000000
320037009,320030051111,2.0000000000
320037009,320030051114,9.0000000000
320037009,320030051115,1.0000000000
320037010,320030050102,2.0000000000
320037011,320030051101,6.8303097849
320037011,320030051111,3.0000000000
320037011,320030051113,13.1696902151
320037011,320030051115,1.0000000000
320037012,320030028211,6.0000000000
320037012,320030028212,2.0000000000
320037012,320030028213,3.0000000000
320037013,320030050161,1.0012830201
320037013,320030054391,4.0000000000
320037013,320030054392,19.0000000000
320037013,320030054402,3.9987169799
320037014,320030054382,8.0000000000
320037014,320030054391,5.0000000000
320037014,320030054393,9.0000000000
320037015,320030054382,3.0000000000
320037015,320030054392,9.0000000000
320037015,320030054393,6.0000000000
320037016,320030054381,9.0000000000
320037017,320030054222,7.0000000000
320037018,320030054221,3.0000000000
320037018,320030054222,7.0000000000
320037019,320030054371,0.7562069302
320037019,320030054411,0.5608310246
320037019,320030054421,0.6828857459
320037019,320030061041,0.0000762994
320037021,320030050052,25.0000000000
320037023,320030050051,3.2075645260
320037023,320030050053,6.1514041786
320037023,320030050054,6.6410312954
320037023,320030050063,2.0000000000
320037023,320030050071,2.8276352740
320037023,320030050072,3.1723647261
320037024,320030016071,0.3558397665
320037024,320030016074,0.6441602335
320037024,320030017161,1.0000000000
320037025,320030017101,1.0000000000
320037025,320030017102,3.0000000000
320037026,320030017102,8.0000000000
320037027,320030017091,5.0000000000
320037028,320030017061,2.0000000000
320037028,320030017062,3.0000000000
320037029,320030017121,0.0015923300
320037029,320030017171,12.9984076700
320037030,320030017171,6.0000000000
320037031,320030017091,0.0000277105
320037031,320030017131,16.9999722895
320037032,320030017132,14.0000000000
320037032,320030017171,3.0000000000
320037033,320030017131,0.7137223294
320037033,320030017141,14.2862776706
320037034,320030017132,1.0000000000
320037034,320030017142,12.0000000000
320037035,320030017161,18.0000000000
320037036,320030017151,7.0000000000
320037036,320030017152,9.0000000000
320037037,320030017161,1.0000000000
320037037,320030050142,10.0000000000
320037037,320030050151,1.0000000000
320037038,320030017181,7.0000000000
320037038,320030017182,7.0000000000
320037039,320030050141,0.3738019274
320037039,320030050143,1.6261980726
320037039,320030050161,18.9997574300
320037039,320030050171,17.0002425699
320037040,320030050121,4.9999991957
320037040,320030050122,20.0000000000
320037040,320030050161,2.0000008043
320037041,320030050161,1.8577387824
320037041,320030050171,18.0000000001
320037041,320030054401,3.0000000000
320037041,320030054403,0.1422612177
320037041,320030054411,1.0000000000
320037042,320030050101,7.0000000000
320037042,320030050102,14.0000000000
320037042,320030050103,7.0000000000
320037043,320030050102,2.0041500233
320037043,320030050111,16.0000000000
320037043,320030050112,14.9958499767
320037044,320030028221,1.0000000000
320037044,320030028222,14.0000000000
320037044,320030028272,2.0000000000
320037045,320030028221,7.0000000000
320037045,320030028222,3.0000000000
320037046,320030028221,10.0000000000
320037046,320030028261,1.0000000000
320037046,320030028271,7.0000000000
320037046,320030028272,8.0000000000
320037047,320030028261,10.0000000000
320037047,320030028262,4.0000000000
320037048,320030028262,14.9998179480
320037048,320030028271,11.0001820520
320037049,320030028251,20.0000000000
320037050,320030028252,17.0000000000
320037051,320030069001,6.0000000000
320037051,320030069002,21.9999999999
320037052,320030028211,14.9995543218
320037052,320030028212,11.0004456782
320037052,320030028213,1.0000000000
320037053,320030051101,2.0000000000
320037054,320030051121,1.0000000000
320037054,320030051141,1.0000000000
320037055,320030017061,5.0000000000
320037056,320030017111,3.0000000000
320037057,320030017111,1.0000000000
320037057,320030017112,1.0000000000
320037058,320030017112,0.9999980054
320037058,320030017121,9.0000019946
320037060,320030017122,2.0000000000
320037061,320030017122,9.0000000000
320037062,320030017112,4.0000000000
320037062,320030017121,8.0000000000
320037063,320030025013,5.0001118335
320037063,320030025051,4.0000000000
320037063,320030025052,3.9998881665
320037063,320030025062,1.0000000000
320037064,320030025011,2.0000000000
320037064,320030025012,3.0000000000
320037064,320030025013,1.0000000000
320037066,320030025042,1.0000000000
320037066,320030025043,5.0000000000
320037066,320030025052,5.0000000000
320037067,320030025051,1.0000000000
320037067,320030025052,1.0000000000
320037068,320030025061,6.0000000000
320037068,320030025063,4.0000000000
320037069,320030025042,2.0000000000
320037069,320030025043,3.0000000000
320037070,320030025041,4.0000000000
320037070,320030025042,1.0000000000
320037071,320030025041,6.0000000000
320037071,320030025042,4.0000000000
320037072,320030024061,1.4149146648
320037072,320030024062,3.5850853352
320037073,320030026033,1.0000000000
320037074,320030026031,1.3498813762
320037074,320030026032,9.0000000000
320037074,320030026033,0.6501186238
320037075,320030026041,1.0000000000
320037075,320030026051,5.0000000000
320037075,320030026052,1.7552065563
320037075,320030067003,0.2447934437
320037076,320030026042,2.5743418052
320037076,320030026043,0.4256581948
320037077,320030029562,0.0137414914
320037077,320030029953,0.0009426432
320037077,320030067001,5.9732033964
320037077,320030068004,0.0121124690
320037078,320030027072,10.0000000000
320037078,320030029621,0.6499323322
320037078,320030068004,32.3500676675
320037079,320030068001,5.0000000000
320037079,320030068002,7.0000000000
320037079,320030068003,15.9999646381
320037079,320030068004,0.0000353619
320037080,320030068003,7.0000000000
320037080,320030068004,9.0000000000
320037081,320030027061,1.0000000000
320037081,320030027063,1.0000000000
320037081,320030027073,2.0000000000
320037081,320030027081,2.0000000000
320037082,320030027071,5.0000091503
320037082,320030027072,2.0000000000
320037082,320030027073,0.9999908497
320037082,320030027082,7.0000000000
320037082,320030068004,2.0000000000
320037083,320030027062,3.0000000000
320037083,320030027073,9.0000000000
320037084,320030027071,11.0000000000
320037084,320030027072,9.0000000000
320037085,320030028231,2.0000000000
320037085,320030028232,4.0000000000
320037085,320030028233,2.0000000000
320037085,320030028241,12.0000000000
320037086,320030028241,11.0000000000
320037086,320030028242,11.0000000000
320037087,320030069001,4.0000000000
320037087,320030069002,4.0000000000
320037088,320030068004,1.0000000000
320037089,320030028471,13.0000000000
320037090,320030028371,3.0000000000
320037090,320030028471,52.0000000003
320037090,320030068004,3.0000000000
320037091,320030028472,7.0000000000
320037091,320030028481,4.0000000000
320037091,320030028484,1.0000000000
320037092,320030028482,1.0000000000
320037092,320030028483,14.0000000000
320037092,320030028484,7.0000000000
320037093,320030054411,0.9204467772
320037093,320030054421,0.0795532228
320037094,320030051141,1.0000000000
320050005,320050010001,1.0000000000
320050005,320050012001,0.0511348106
320050005,320050012002,11.9609422467
320050005,320050012003,1.7470307489
320050005,320050013001,5.0000000000
320050005,320050024001,24.2408921939
320050010,320050010002,1.0000000000
320050010,320050015003,6.9999999999
320050010,320050023002,26.0000000000
320050015,320050014002,1.0000000000
320050015,320050015001,29.0000000000
320050015,320050015002,10.0000000000
320050020,320050015003,13.0000000000
320050025,320050018002,1.0000000000
320050025,320050019001,36.9999999999
320050030,320050019001,43.0182153090
320050030,320050020001,30.9817846912
320050030,320050020002,3.0000000001
320050035,320050013001,2.0000000000
320050035,320050014002,45.3748096914
320050035,320050015001,2.6251903087
320050040,320050010002,15.0000000000
320050045,320050010002,1.0000000000
320050045,320050011002,9.0000000000
320050045,320050011003,7.0000000000
320050050,320050024001,19.0303385887
320050050,320050025001,65.9948585989
320050050,320199608021,0.9748028122
320050055,320050022001,12.0000000001
320050055,320050022002,29.6732373463
320050055,320050023001,16.3267626538
320050060,320050024001,23.9999999999
320050065,320050019001,35.1560850714
320050065,320050020001,6.0000000000
320050065,320050020002,26.8439149284
320050070,320050022003,5.6632528890
320050070,320050023001,104.5772601403
320050070,320050024001,20.7594869704
320050075,320050014001,13.9161012579
320050075,320050015002,21.9216975436
320050075,320050022003,23.0838987420
320050075,320050023002,12.0783024563
320050080,320050013001,76.6245886215
320050080,320050018002,10.1565534833
320050080,320050019001,10.2188578953
320050085,320050023002,1.0000000000
320050085,320050023003,37.4891073196
320050085,320050024001,47.5108926804
320050090,320050010001,15.8743454509
320050090,320050011003,1.0000000000
320050090,320050013001,0.1256545491
320050095,320050011001,16.0000000000
320050095,320050024001,15.0000000000
320050100,320050016002,55.0000000001
320050105,320050016002,18.9999999997
320050110,320050016001,20.9999999999
320050115,320050017001,15.9995039006
320050115,320050018002,1.0004960995
320050120,320050017001,1.0000000000
320050120,320050017002,9.9999999999
320050125,320050018001,26.0000000000
320050130,320050018001,4.9506713671
320050130,320050018002,17.0493286327
320050135,320050022001,10.0000000000
320050135,320050022004,14.0000000000
320050135,320050022005,15.0000000001
320050140,320050011001,6.0000000000
320050140,320050011002,10.0000000000
320050145,320050024001,26.0014715061
320050145,320050025001,42.9985284940
320050150,320050019001,3.0000000000
320050150,320050021001,55.0000000000
320050155,320050014002,17.0000000000
320050160,320050012001,8.9068672371
320050160,320050012003,11.0931327629
32005ZZZZZZ,320050016001,1.0000000000
32005ZZZZZZ,320050016002,0.0486121894
32005ZZZZZZ,320050017001,1.0000000000
32005ZZZZZZ,320050017002,1.0000000000
32005ZZZZZZ,320059900000,4.9513878105
320070005,320079510002,16.0000000000
320070005,320079512022,11.9990995145
320070005,320079512023,10.0009004855
320070005,320079514011,19.0000000000
320070010,320079510002,32.0000000001
320070010,320079512021,2.0000000000
320070010,320079512023,16.0000000000
320070015,320079509001,12.0000000000
320070015,320079509002,1.0000000000
320070015,320079510001,62.0000000000
320070020,320079507024,12.0000000000
320070020,320079508001,22.0000000000
320070020,320079509001,41.0000000000
320070025,320079509001,1.7986864488
320070025,320079509002,16.2013135513
320070030,320079507011,14.9999999999
320070035,320079507012,8.9999999999
320070040,320079507013,6.5135169008
320070040,320079507023,12.4864830992
320070040,320079507024,14.0000000000
320070045,320079508001,28.0000000000
320070045,320079508002,49.0000000000
320070045,320079513002,6.0000000000
320070050,320079507022,24.8996285739
320070050,320079507023,6.1003714261
320070050,320079508001,10.0000000000
320070050,320079513002,68.7303635681
320070050,320079514011,9.2696364318
320070055,320079513001,16.9999999999
320070055,320079513002,21.0000000000
320070070,320079502001,37.0000000000
320070070,320079502002,28.0000000000
320070075,320079502001,15.0000000002
320070075,320079502002,35.9999999999
320070080,320079515001,5.1113172246
320070080,320079515002,8.1725851674
320070080,320079515003,23.9909976105
320070080,320079515004,8.7250999974
320070085,320079507021,182.0000000000
320070085,320079516001,17.0000000000
320070085,320079517002,429.9986973409
320070085,320110001001,0.0012215315
320070090,320079517001,252.8265266122
320070090,320079517002,0.1086874242
320070095,320079517002,120.0000000001
320070100,320079507021,2.0000000000
320070100,320079517002,177.9853680147
320070105,320079517002,14.1124702741
320070105,320079517003,104.8875295407
320070110,320079502001,102.9999999999
320070110,320079515003,338.0000000001
320070110,320079517003,160.9999999996
320070115,320079502001,31.9999999999
320070115,320079507021,110.9999999998
320070115,320079517002,249.0000000004
320070120,320079507021,565.0000000002
320070120,320079507022,1.0000000000
320070120,320079507023,25.0000000000
320070120,320079514011,80.9812259708
320070120,320079514013,0.9999999999
320070120,320079514041,46.0187740295
320070120,320079516001,1.0000000000
320070125,320079515003,176.9999999997
320070130,320079516001,158.3417738662
320070130,320079516002,101.6582261333
320070135,320079507011,10.7343593573
320070135,320079507012,12.5121881556
320070135,320079507013,1.0017757941
320070135,320079507021,24.2446970412
320070135,320079507022,66.8944172827
320070135,320079507023,65.5916187674
320070135,320079507024,9.0000000000
320070135,320079509002,7.0000000000
320070135,320079512021,0.0209436015
320070135,320079514011,8.0000000000
320070140,320079510002,11.0895069084
320070140,320079512021,166.9104930914
320070140,320079512022,11.0000000000
320070140,320079512023,6.0000000000
320070140,320079513001,3.0000000000
320070140,320079513002,1.0000000000
320070140,320079514011,82.9999999999
320070140,320079516001,8.0000000002
320070145,320079502001,52.0000000000
320070145,320079514011,15.1672034060
320070145,320079514042,2.8327965942
320070150,320079502001,259.9999999997
320070150,320079515002,149.0004672763
320070150,320079515003,259.9995327235
320070160,320079512021,438.0000000003
320070160,320079512022,24.0000000000
320070160,320079516001,75.0000000000
320070170,320079514012,10.0000000000
320070170,320079514013,13.9999999999
320070170,320079514041,14.0000000000
320070175,320079514032,12.8673211982
320070175,320079514041,20.0000000000
320070175,320079514042,14.1326788018
320070180,320079512011,33.7132564985
320070180,320079512013,1.6826706689
320070180,320079512021,22.0956499918
320070180,320079512022,24.5084228408
320070185,320079502001,1.0000000000
320070185,320079512012,21.9999999999
320070185,320079512021,76.9999999998
320070185,320079514041,17.0000000000
320070185,320079514042,108.9999999998
320070190,320079502001,482.0000000003
320070190,320079512021,1.0000000000
320070195,320079514031,18.0000000000
320070195,320079514042,11.0000000000
320070200,320079512012,23.0000000000
320070200,320079512013,8.0000000000
320070205,320079507012,6.0027083506
320070205,320079507013,14.9972916495
320070210,320079515001,7.7220253507
320070210,320079515002,19.7365239105
320070210,320079515003,2.0230987154
320070210,320079515004,0.5183520234
320090005,320099501001,320.0000000000
320090010,320099501001,146.9999999999
320090015,320099501001,170.9999999999
320090020,320099501001,187.0000000000
320090025,320099501001,84.9999999999
320090030,320099501001,210.0000000002
320110005,320110001001,88.9934269849
320110005,320110001002,181.0065730147
320110010,320110001001,187.0000000003
320110010,320110001002,50.0000000001
320110015,320110001001,4.0000000000
320110015,320110001002,223.0000000001
320110020,320110001001,515.0000000000
320110025,320110001001,53.0000000000
320130005,320130105012,20.0000000001
320130005,320130105022,1.0433375877
320130005,320130105023,13.9566624123
320130005,320130106001,16.0000000000
320130005,320130107013,15.9999999998
320130005,320130107023,3.0000000000
320130010,320130107011,1.0028562916
320130010,320130107012,0.0000028334
320130010,320130107013,2.2386819982
320130010,320130107022,36.9971408751
320130010,320130107023,33.7613180018
320130015,320130105022,4.0000000001
320130015,320130107011,0.0009280742
320130015,320130107012,37.2174379633
320130015,320130107014,13.9999999999
320130015,320130107022,1.7816339627
320130020,320130105012,1.0000000000
320130020,320130105021,34.0664790433
320130020,320130105022,57.9320034831
320130020,320279601001,1.0015174739
320130025,320130105012,93.9999999999
320130025,320130105022,15.9934202502
320130025,320130105023,0.0065797501
320130025,320130106001,30.9954553996
320130025,320130106002,8.0045446005
320130025,320130107021,38.3925914108
320130025,320130107022,56.6006630546
320130025,320279601001,2.0067455344
320130030,320130105012,833.0000000000
320130035,320130106001,755.9999999992
320130040,320130105011,595.0000000000
320130040,320130105012,7.0000000000
320130045,320130105011,129.0000000001
320130045,320130105012,97.0000000002
320130050,320130105011,223.0001430762
320130050,320130105012,30.9999999999
320130050,320130106001,152.9998569238
320130050,320130106002,194.9999999998
320130055,320130105022,22.9999999999
320130055,320130105023,30.9999999999
320130055,320130107013,25.0000000000
320130055,320130107014,5.0000000000
320130060,320130105023,1.0000000000
320130060,320130107011,18.0000000001
320130060,320130107014,37.9999999999
320150005,320150003012,77.9190583704
320150005,320150003021,0.0809416297
320150010,320150003011,24.7956012469
320150010,320150003012,6.2730077219
320150010,320150003022,0.9313910313
320150015,320130106001,0.0003368847
320150015,320150003011,36.0000000000
320150015,320150003012,83.6509251774
320150015,320150003021,0.4793451573
320150015,320150003022,0.9727125351
320150015,320150003023,0.8966802456
320150020,320150003021,410.0000000001
320150020,320150003023,60.0000000001
320150025,320150003021,450.9999112416
320150025,320150003022,56.0000887586
320150030,320150003021,787.0000000003
320150035,320150003021,4.0000000000
320150040,320150003021,16.0000000000
320170005,320179502001,307.0000000006
320170005,320179502002,1.0000000000
320170010,320030059021,0.0003725934
320170010,320179502001,40.0000000001
320170010,320179502002,399.9995240769
320170015,320179501001,96.9437832672
320170015,320179501002,0.0562167328
320170015,320179501003,80.9999999999
320170020,320179501001,32.0619662197
320170020,320179501002,446.8297636541
320170020,320179501003,473.0000000002
320170025,320179502001,234.9999999997
320190005,320199608021,3.0000000000
320190005,320199609012,19.0000000000
320190005,320199609023,31.0000000001
320190010,320199602062,17.0000000000
320190010,320199609012,10.9842921314
320190010,320199609021,109.9910175275
320190010,320199609023,11.0157078686
320190010,320219708001,1.0089824723
320190015,320199608021,22.8949932259
320190015,320199609011,37.1050067742
320190020,320199609011,23.0000000000
320190020,320199609021,12.0000000000
320190025,320199602032,20.0000000000
320190025,320199602062,14.0000000001
320190025,320199603032,1.0000000000
320190025,320199608011,85.0000000001
320190025,320199609021,14.0000000000
320190025,320199609022,88.9999999999
320190030,320199608011,54.0000000000
320190030,320199608021,209.9240675384
320190030,320199609023,15.0000000000
320190030,320219708001,0.0759324615
320190035,320199608011,6.0000000000
320190035,320199608012,101.9999999998
320190035,320199608021,171.9995892443
320190035,320219708001,0.0004107558
320190040,320199602032,2.0000000000
320190040,320199603011,1.0000000000
320190040,320199603012,7.0012458497
320190040,320199603041,27.0000000000
320190040,320199603042,12.8979600583
320190040,320199603043,22.1007940921
320190040,320199603051,16.4897655699
320190040,320199603052,10.4153908326
320190040,320199603053,6.4363669022
320190040,320199603054,43.6584766957
320190045,320050023001,0.9598540896
320190045,320199603031,7.1815451535
320190045,320199603032,46.6540783553
320190045,320199603033,17.2045224014
320190050,320199603011,38.6421400267
320190050,320199603012,27.0000000001
320190050,320199603043,1.0000000000
320190050,325100004001,0.3578599734
320190055,320199603011,33.9999999999
320190055,320199603054,3.0000000000
320190060,320019507001,0.0000392842
320190060,320199602032,68.0000000000
320190060,320199602041,74.4955400149
320190060,320199602042,22.5044599851
320190060,320199602051,80.8789826741
320190060,320199602052,61.2035582770
320190060,320199602061,62.7050500000
320190060,320199602062,269.2123697652
320190065,320199602031,43.0000000000
320190065,320199602032,64.0000000003
320190065,320199602042,35.9999999996
320190070,320199601031,54.0009923398
320190070,320199601041,5.0306616459
320190070,320199601061,15.1605063984
320190070,320199601062,31.8078396159
320190070,320199602042,1.0000000000
320190075,320199601031,3.6665881515
320190075,320199601041,7.2068134828
320190075,320199601042,17.0034868744
320190075,320199601051,8.6518335392
320190075,320199601052,1.3481664606
320190075,320199601072,0.1231114913
320190080,320019506001,0.0000018734
320190080,320199601031,30.9030830711
320190080,320199601041,4.0108172817
320190080,320199601042,0.0215472522
320190080,320199601052,6.9212700527
320190080,320199601061,73.1832029578
320190080,320199601063,5.8847097079
320190080,320199601071,1.2390098276
320190080,320199601072,14.1660058041
320190080,320199601081,16.2575029403
320190080,320199601082,1.4128492310
320210005,320219707002,16.0000000000
320210010,320219707001,18.0000000000
320210010,320219707002,13.0000000000
320210015,320219707001,10.0000000000
320210015,320219707002,12.0000000000
320210015,320219707003,5.0000000000
320210020,320219707002,21.0000000000
320210020,320219707003,8.0000000000
320210025,320219707001,28.0000000000
320210025,320219707003,7.0000000000
320210030,320219707003,40.0000000000
320210035,320019501002,0.0000264307
320210035,320199608021,0.0001823264
320210035,320199609021,1.0000000000
320210035,320199609023,6.7292717332
320210035,320219707001,11.7945040595
320210035,320219707002,20.6555738393
320210035,320219707003,7.6000036358
320210035,320219708001,299.1529127811
320210035,320219708002,107.0675251948
320210040,320219708001,12.0000000000
320210040,320219708002,17.0000000000
320210045,320219708001,248.8647035571
320210045,320219708002,256.1352964426
320210050,320219708001,31.0000000000
320210055,320199609021,1.4555639500
320210055,320219708001,117.5444360500
320210055,320219708002,61.0000000000
320210060,320219707002,4.0000000000
320210060,320219708002,22.0000000000
320230005,320239601001,391.0000000001
320230010,320239601001,483.9999999998
320230015,320239601001,169.9314177233
320230015,320239601002,120.0685822768
320230015,320239602001,92.0000000001
320230015,320239602002,1.0000000000
320230020,320239601002,151.0000000001
320230020,320239602001,176.0000000000
320230025,320239601002,350.9946842767
320230025,320239602001,347.0053157230
320230030,320239601002,65.0000000000
320230035,320239601002,228.0000000004
320230040,320239602001,37.0000000001
320230045,320239602002,35.0000000000
320230050,320239602001,20.0320085254
320230050,320239602002,24.9679914746
320230055,320239602001,103.0000000001
320230055,320239602002,45.0000000000
320230060,320239603001,111.9999999997
320230060,320239603002,224.0000000002
320230065,320239603002,0.5680389333
320230065,320239805001,8.4319610664
320230070,320239603001,160.9999999997
320230070,320239604111,8.0000000000
320230075,320239604111,66.9999999999
320230080,320239603001,1.0000000000
320230080,320239604111,86.9999999999
320230080,320239604112,38.0000000000
320230080,320239604122,24.9999999999
320230085,320239604121,1.9995865404
320230085,320239604123,43.0004134595
320230085,320239604131,49.0000000000
320230085,320239604141,18.0000000000
320230085,320239604142,34.0000000001
320230090,320239604053,27.9999999999
320230090,320239604071,20.0000000001
320230090,320239604072,35.0000000000
320230090,320239604081,43.0000000000
320230090,320239604082,3.0000000000
320230095,320239604051,9.0000000000
320230095,320239604071,21.0000000001
320230095,320239604091,37.0009277207
320230095,320239604092,41.9936647893
320230095,320239604093,31.0000000000
320230095,320239604121,45.0054074902
320230100,320239604161,60.0000000000
320230100,320239604162,35.0000000000
320230100,320239604163,38.0000000000
320230105,320239604051,1.9999999999
320230105,320239604101,60.9929989218
320230105,320239604102,24.5360072279
320230105,320239604103,17.4709938505
320230110,320239604111,2.0000000000
320230110,320239604112,98.5806596092
320230110,320239604122,61.0000000000
320230110,320239604123,27.4193403909
320230110,320239604132,34.0000000003
320230115,320239604051,34.3258682006
320230115,320239604052,13.0000000001
320230115,320239604053,38.6741317994
320230120,320239604053,17.1693469999
320230120,320239604082,34.0000000001
320230120,320239604083,92.8306529998
320230125,320239603001,5.0006945753
320230125,320239604111,7.1475480698
320230125,320239604132,20.0000000000
320230125,320239604152,34.0000000000
320230125,320239604161,24.5235814657
320230125,320239604162,7.3281758892
320230130,320239604131,13.0000000000
320230130,320239604141,10.0000000000
320230130,320239604151,29.0000000000
320230135,320239604052,30.0000000000
320230135,320239604071,18.0000000001
320230135,320239604091,18.0000000000
320270005,320019506001,0.0001736582
320270005,320279601001,1.0000000000
320270005,320279601002,568.8865000000
320270005,320279601003,60.0000000000
320270005,320279601004,84.0000000000
320270005,320279601005,8.9989769201
320270005,320279601006,453.0008494215
320270005,320310035011,0.1135000000
320270025,320279601001,55.0000000002
320270025,320279601002,222.9999999999
320270030,320279601001,254.0000000000
320270035,320279601001,600.0000000002
320270035,320279601002,1.0000000000
320270035,320279601006,113.0000000000
320290005,320299702003,56.0000000002
320290010,320199603011,0.0105231644
320290010,320299702003,106.9894768352
320290015,320299702001,110.0000000007
320290015,320299702002,5.0000000000
320290020,320199602042,1.0000000000
320290020,320299702001,7.0000000000
320290020,320299702002,48.9998010471
320290020,320299702003,0.0001989529
320290025,320299702001,2.9998527772
320290025,320299702002,99.9357680641
320290025,320299702003,6.0643791586
32031100,320310003012,3.0000000000
32031100,320310004021,13.0000000000
32031101,320310001061,16.0000000000
32031103,320310004011,9.0000000000
32031103,320310004012,3.0000000000
32031103,320310011011,5.0000000000
32031104,320310011033,1.0000000000
32031105,320310001041,1.0000000000
32031105,320310004021,17.0000000000
32031107,320310010151,2.0000000000
32031109,320310011011,12.0000000000
32031109,320310011012,10.0000000000
32031109,320310011013,7.0000000000
32031110,320310004012,7.0000000000
32031110,320310012011,5.0000000000
32031110,320310012041,16.3597700130
32031110,320310012042,14.9999999999
32031110,320310012043,2.6402299870
32031112,320310004011,19.7043097002
32031112,320310004021,0.2956902998
32031112,320310004022,3.0000000000
32031112,320310011012,6.0000000000
32031112,320310011051,9.0000000001
32031112,320310011053,5.0000000000
32031117,320310011031,4.0000000000
32031117,320310011034,10.0000000000
32031117,320310011051,6.0000000000
32031117,320310011052,5.0000000000
32031117,320310011053,12.0000000000
32031118,320310011033,23.6622795443
32031118,320310011034,1.3377204557
32031118,320310011041,6.0000000000
32031118,320310011052,8.0000000000
32031120,320310011042,3.0000000000
32031120,320310011043,9.0000000000
32031120,320310011044,15.0000000001
32031120,320310011052,4.0500000000
32031120,320310011053,4.9500000000
32031121,320310010151,2.0000000000
32031121,320310010153,12.0000000000
32031121,320310011041,6.0000000000
32031121,320310011043,9.0000000000
32031121,320310011044,4.0000000000
32031122,320310011031,2.0000000000
32031122,320310011032,9.0000000000
32031122,320310011051,8.9893842887
32031122,320310012011,0.0106157113
32031123,320310010151,8.0000000000
32031123,320310011042,6.0000000000
32031124,320310010142,1.0000000000
32031124,320310010153,5.0000000000
32031124,320310010154,6.0000000000
32031124,320310011041,10.0000000000
32031125,320310004011,7.0000000000
32031125,320310011042,10.0000000000
32031126,320310011012,6.0000000000
32031126,320310011051,4.0000000001
32031132,320310001031,3.0000000000
32031132,320310001032,20.0000000000
32031132,320310001041,18.0000000000
32031132,320310001042,11.0000000000
32031132,320310001043,23.0000000000
32031132,320310001053,3.0835501105
32031132,320310001061,2.9995386390
32031132,320310001062,25.9169112506
32031132,320310002021,1.0000000000
32031134,320310011033,1.0000000000
32031135,320310002021,7.0000000000
32031135,320310002023,19.0000000000
32031140,320310012011,4.0000000000
32031140,320310012012,9.7927923348
32031140,320310012031,8.2072076651
32031140,320310012032,3.0000000000
32031141,320310012013,1.0000000000
32031141,320310012014,1.0000000000
32031142,320310011032,1.0000000000
32031142,320310011034,3.0000000000
32031142,320310012013,9.0000000001
32031143,320310011031,4.0000000000
32031143,320310011034,6.0000000000
32031144,320310023021,2.0000000000
32031145,320310023021,1.0000000000
32031148,320310023021,18.0000000002
32031200,320310002012,10.0000000000
32031200,320310002022,17.0000000000
32031200,320310002023,3.0000000000
32031200,320310007011,7.0000000000
32031200,320310007012,5.0000000000
32031200,320310007021,1.0000000000
32031200,320310007023,2.0000000000
32031202,320310021071,1.0000000000
32031203,320310002011,6.0000000000
32031203,320310002012,6.0000000000
32031203,320310007011,3.0000000000
32031203,320310007012,18.0000000000
32031206,320310003022,32.0000000000
32031206,320310010151,1.0000000000
32031206,320310010152,12.0000000000
32031206,320310010161,1.0000000000
32031206,320310010171,1.0000000000
32031207,320310003012,18.2041565690
32031207,320310003021,9.7958434310
32031207,320310003023,12.0000000000
32031208,320310010162,2.0000000000
32031208,320310010181,4.9999999999
32031208,320310010182,1.8589769930
32031208,320310010183,5.1410230070
32031208,320310010191,1.0000000000
32031210,320310004011,1.0000000000
32031210,320310004022,33.0000000000
32031211,320310003011,6.0000000000
32031211,320310004022,2.0000000000
32031211,320310010152,4.0000000000
32031211,320310011042,10.0000000000
32031212,320310003011,13.0000000000
32031212,320310003012,7.0000000000
32031222,320310010122,1.0000000000
32031222,320310010123,12.9999999999
32031223,320310010051,2.1705307830
32031223,320310010052,0.8294692168
32031223,320310010053,10.0000000001
32031230,320310010151,1.0000000000
32031231,320310010141,10.0000000001
32031231,320310010142,1.0000000000
32031231,320310010154,14.0000000000
32031232,320310010141,1.1616581157
32031232,320310010142,23.8383418845
32031232,320310010154,5.0000000000
32031233,320310010052,1.0000000000
32031233,320310010151,16.0000000000
32031234,320310010141,12.0000000000
32031234,320310010142,5.0000000000
32031235,320310010051,9.0000000000
32031235,320310010052,3.0000000000
32031239,320310007022,6.0000000000
32031239,320310007023,5.0000000000
32031239,320310021071,9.0000000000
32031240,320310002021,1.0000000000
32031240,320310002023,1.0000000000
32031240,320310007021,13.0000000000
32031240,320310007023,8.0000000000
32031241,320310002021,9.0000000000
32031241,320310007022,7.0000000000
32031241,320310007023,4.0000000000
32031242,320310010052,5.0000000000
32031242,320310010151,4.0000000000
32031242,320310010182,1.0000000000
32031242,320310010191,1.0000000000
32031242,320310010192,3.0000000000
32031243,320310010052,12.9998670118
32031243,320310010053,5.0001329882
32031251,320310010161,3.0000000000
32031251,320310010162,3.0000000000
32031252,320310010133,10.9999999999
32031252,320310010141,1.0000000001
32031253,320310010171,0.7131616595
32031253,320310010172,1.2868383405
32031254,320310010133,7.0000000000
32031304,320310021071,3.0000000000
32031305,320310021071,4.0000000000
32031306,320310010122,21.0000000000
32031307,320310010121,1.0000000000
32031309,320310007011,14.0000000000
32031309,320310021071,11.0000000001
32031310,320310021032,1.0000000000
32031310,320310021061,1.0000000000
32031310,320310021071,4.0000000000
32031310,320310022123,6.8742021168
32031310,320310022124,4.8969571765
32031310,320319800001,62.2288407065
32031311,320310021032,1.0000000000
32031312,320310002011,20.0000000000
32031312,320310002012,4.0000000000
32031312,320310021072,7.0000000000
32031313,320310009001,6.0000000000
32031313,320310009002,7.0000000000
32031317,320310009002,1.0000000000
32031317,320310009003,11.0000000000
32031323,320310022041,11.0000000000
32031326,320310022041,1.0000000000
32031326,320310022042,15.5402542270
32031326,320310022043,7.4597457731
32031328,320310021042,1.0000000000
32031329,320310021042,4.0000000000
32031330,320310021041,1.0000000000
32031332,320310021041,3.0000000000
32031332,320310021054,1.0000000000
32031333,320310021032,3.0000000000
32031334,320310022071,4.4525176373
32031334,320310022072,1.2775060599
32031334,320310022073,0.0020660513
32031334,320310022074,0.5186048965
32031334,320310022081,10.3081626578
32031334,320310022082,5.0328635733
32031334,320310022083,7.6589737688
32031334,320310022131,0.2943281706
32031334,320310022133,10.2242176807
32031334,320310022134,0.1190961249
32031334,320310022141,6.2813222437
32031334,320310022142,1.8267640066
32031334,320310022151,9.5418502203
32031334,320310022152,1.1304121259
32031334,320310022161,1.4581497797
32031334,320310022162,1.9506920534
32031334,320310022163,3.9224729495
32031335,320310022041,1.0000000000
32031335,320310022111,9.0000000000
32031336,320310021032,1.0000000000
32031336,320310021051,11.0000000000
32031336,320310021061,11.0000000000
32031337,320310021062,13.0000000000
32031337,320310021063,5.0000000000
32031337,320310022042,2.0000000000
32031338,320310021041,0.0000007034
32031338,320310021043,14.9493556500
32031338,320310021052,0.0087131601
32031338,320310021054,0.0419304865
32031340,320310010123,1.0000000000
32031341,320310021042,1.0000000000
32031341,320310022042,11.0000000000
32031341,320310022152,15.0000000000
32031342,320310010121,1.0000000000
32031343,320310010121,16.0000000000
32031345,320310010121,1.0000000000
32031345,320310010122,3.0000000001
32031346,320310022121,1.1903257211
32031346,320310022122,1.8096742790
32031346,320310022124,5.0000000000
32031347,320310021072,6.0000000000
32031347,320310022111,1.5848905809
32031347,320310022112,11.4151094189
32031348,320310022043,9.0000000000
32031349,320310022043,3.0000000000
32031349,320310022151,1.3893966605
32031349,320310022161,1.6106033395
32031350,320310021042,10.0000000001
32031350,320310021043,6.0000000000
32031350,320310021063,7.0000000000
32031351,320310021043,0.0246170327
32031351,320310021052,0.4025441228
32031351,320310021054,2.5728388446
32031352,320310021042,1.0000000000
32031353,320310010121,6.0000000000
32031354,320310021041,1.0000000000
32031354,320310021053,9.0000000000
32031400,320310015032,7.0000000000
32031400,320310015033,1.0000000000
32031401,320310015031,15.0000000000
32031402,320310017012,8.0000000000
32031402,320310018011,6.0000000000
32031402,320310018013,6.0000000000
32031404,320310015031,0.0346547710
32031404,320310015041,15.9583622528
32031404,320310015042,18.0069829760
32031404,320310025002,1.0000000000
32031405,320310026231,1.0000000000
32031410,320310015033,10.0000000000
32031410,320310017012,2.0000000000
32031410,320310018011,2.0018626808
32031410,320310018012,12.9981373192
32031411,320310015014,4.0000000000
32031413,320310001051,24.0000000000
32031419,320310025003,6.0000000001
32031419,320310026202,1.0000000000
32031420,320310001051,22.0000000000
32031420,320310017032,0.0001346672
32031420,320310018011,4.0000000000
32031420,320310018013,0.0026833623
32031420,320310018021,9.0000000000
32031420,320310018022,13.9971819704
32031421,320310026185,0.0074890681
32031421,320310026201,27.7587609315
32031421,320310026202,2.5038308477
32031421,320310026211,14.8011322366
32031421,320310026212,2.0000000000
32031421,320310026222,0.7374082207
32031421,320310026232,0.1913786952
32031423,320310026202,12.0000000001
32031424,320310026222,0.0876109396
32031424,320310026223,3.9123890603
32031425,320310017012,0.0034177985
32031425,320310017031,3.9999999999
32031425,320310017032,12.9965822016
32031426,320310026221,2.0000000000
32031426,320310026223,4.0000000000
32031427,320310026211,2.0000000000
32031428,320310026141,4.0000000000
32031428,320310026153,3.0000000000
32031428,320310026162,12.0000000000
32031428,320310026163,10.0000000000
32031429,320310026113,7.0000000000
32031429,320310026114,10.0000000000
32031429,320319801001,19.0000000000
32031430,320310017011,1.0000000000
32031430,320310017032,0.0013916849
32031430,320310017041,1.0048872600
32031430,320310017042,10.9937210552
32031430,320310027042,4.0000000000
32031432,320310017041,0.0420082459
32031432,320310017042,1.9579917541
32031433,320310026201,2.0000000000
32031433,320310026212,1.0000000000
32031440,320310026185,1.0000000000
32031440,320310026232,1.0000000000
32031442,320310026222,7.6967103993
32031442,320310026223,1.3032896010
32031442,320310026231,11.7793719402
32031442,320310026232,7.2206280600
32031443,320310015011,8.1880790305
32031443,320310015012,6.3778949884
32031443,320310015013,5.4340259812
32031443,320310017042,1.0000000000
32031444,320310015014,12.0000000000
32031444,320310017011,3.3352872217
32031444,320310017012,4.0000000000
32031444,320310017013,4.6647127783
32031445,320310026111,2.5441172975
32031445,320310026112,11.4558827022
32031445,320310026141,2.0000000000
32031445,320310026151,7.3866136151
32031445,320310026152,1.6133863850
32031445,320310026153,5.0000000001
32031445,320310026161,5.5485283212
32031445,320310026162,3.0000000000
32031445,320310026163,0.4514716787
32031446,320310017012,7.0000000000
32031450,320310017011,1.0000000000
32031452,320310026031,6.0000000000
32031452,320310026101,4.8392019743
32031452,320310026102,16.0000000000
32031452,320310026103,16.1607980257
32031452,320310026111,3.0000000000
32031452,320310026114,1.0000000000
32031452,320310026182,4.0000000000
32031452,320319801001,64.0000000000
32031453,320310026185,3.0000000000
32031453,320310026232,1.9999999999
32031455,320310026102,3.0737500733
32031455,320310026142,12.2665040549
32031455,320310026143,0.6597458719
32031455,320310026211,3.0000000000
32031455,320310026212,5.0000000000
32031456,320310015011,2.0000000000
32031456,320310017011,2.0000000000
32031456,320310017042,6.0000000000
32031456,320310026221,1.0000000000
32031456,320310026222,0.6955260547
32031456,320310026223,2.3044739453
32031456,320310026231,2.0000000000
32031456,320310027031,2.0000000000
32031456,320310027032,10.0000000000
32031457,320310001031,31.5922330097
32031457,320310001032,1.0000000000
32031457,320310001052,12.9795088447
32031457,320310001053,7.0000000000
32031457,320310014002,0.4077669903
32031457,320310015042,2.0204911552
32031458,320310026113,2.0000000000
32031458,320310026161,12.0000000000
32031458,320310026163,1.0000000000
32031501,320310024012,2.0000000000
32031501,320310025001,19.0000000000
32031503,320310024111,3.0000000000
32031503,320310024141,0.6418273090
32031503,320310024142,0.3581726909
32031504,320310024131,7.0000000000
32031505,320310014001,2.0000000000
32031505,320310014003,9.0000000000
32031505,320310025002,15.0000000002
32031507,320310013001,7.0000000000
32031507,320310013002,13.0000000000
32031508,320310014001,26.0000000000
32031508,320310025002,2.0000000000
32031509,320310024131,4.0569155766
32031509,320310024132,12.9430844235
32031509,320310024141,1.4108374384
32031509,320310024142,0.5891625616
32031510,320310014001,4.0000000000
32031510,320310014002,13.0000000000
32031510,320310014003,14.0000000000
32031510,320310025002,3.0000000000
32031511,320310024071,1.1501126404
32031511,320310024072,0.8544768339
32031511,320310024122,1.9954105258
32031512,320310024122,4.0000000001
32031513,320310024071,3.0000000000
32031513,320310024122,1.0000000000
32031514,320310024072,1.0000000000
32031516,320310013001,11.9553231740
32031516,320310013002,1.0000000000
32031516,320310024062,3.0446768260
32031517,320310024062,2.0000000000
32031517,320310024063,8.0000000000
32031520,320310025002,1.0000000000
32031521,320310013001,2.0000000000
32031521,320310013002,7.0000000000
32031521,320310025001,10.0000000000
32031522,320310024061,4.0000000000
32031522,320310024062,12.0000000000
32031522,320310024063,3.0000000000
32031524,320310024061,13.0000000000
32031524,320310024062,4.0000000000
32031528,320310023032,1.1337814225
32031528,320310023033,0.0006322277
32031528,320310023043,0.8573731601
32031528,320310023044,0.0082131897
32031528,320310024092,1.0000000001
32031530,320310024091,2.0000000000
32031530,320310024092,0.9999999998
32031531,320310024012,12.0000000000
32031532,320310024011,16.9255522591
32031532,320310024122,2.0744477408
32031533,320310013001,6.0000000000
32031533,320310024012,11.0000000000
32031534,320310024011,1.1366809956
32031534,320310024071,7.0890992683
32031534,320310024072,0.6835734761
32031534,320310024073,19.0000000000
32031534,320310024122,0.0906462601
32031535,320310024111,5.0000000000
32031535,320310024113,12.0000000000
32031536,320310013001,1.0002673822
32031536,320310024063,4.9997326178
32031537,320310024081,13.3913971094
32031537,320310024082,5.0437781522
32031537,320310024091,5.4923737038
32031537,320310024092,11.0203202737
32031537,320310024122,0.0521307607
32031539,320310024111,8.0000000000
32031539,320310024112,0.9999999999
32031540,320310023043,1.7492186452
32031540,320310023044,0.2507813545
32031610,320310030022,2.9999999999
32031610,320310031064,2.0000000000
32031610,320310031111,6.0000000000
32031610,320310031122,4.0000000000
32031611,320310029023,10.0000000000
32031611,320310030012,11.0000000000
32031611,320310030013,4.0000000000
32031613,320310001051,4.8782303253
32031613,320310018021,3.0000000000
32031613,320310018022,3.1217696747
32031613,320310019012,3.0000000000
32031613,320310019013,6.1874075065
32031613,320310019042,0.0201193772
32031613,320310019043,0.0199668598
32031613,320310030014,0.8839686684
32031613,320310030021,0.1160313316
32031613,320310031112,59.7725062564
32031614,320310019032,3.0000000000
32031614,320310019033,6.0000000000
32031614,320310019041,19.9914236704
32031614,320310019042,12.0085763296
32031614,320310019043,8.0000000000
32031615,320310030011,6.0000000000
32031615,320310030012,4.0000000000
32031615,320310030013,9.0000000000
32031615,320310030014,7.0000000000
32031615,320310030022,2.0000000000
32031619,320310030014,16.4554172529
32031619,320310030021,8.3796081827
32031619,320310030023,17.1649745643
32031620,320310019032,1.0000000000
32031620,320310019033,1.0000000000
32031620,320310028021,8.0000000000
32031620,320310028024,5.0000000000
32031621,320310019011,2.0000000000
32031621,320310019013,7.0000000000
32031621,320310019031,8.0000000000
32031621,320310019032,9.0000000000
32031623,320310017031,3.0000000001
32031624,320310019011,5.0000000000
32031624,320310019013,27.0000000000
32031624,320310019032,1.0000000000
32031624,320310019043,4.0000000000
32031625,320310017032,1.0000000000
32031625,320310028013,5.0000000001
32031625,320310028021,3.0000000000
32031625,320310028022,10.0000000000
32031625,320310028023,4.0000000000
32031627,320310029021,1.0000000000
32031627,320310030011,8.0000000000
32031629,320310028012,5.0000000000
32031629,320310028024,9.0000000000
32031629,320310029021,9.0000000000
32031630,320310031103,6.0000000001
32031631,320310031061,13.0000000000
32031631,320310031063,3.0000000000
32031631,320310031065,6.0000000000
32031632,320310031111,8.8063979111
32031632,320310031121,2.7917000332
32031632,320310031122,6.4019020556
32031633,320310031111,12.0007785643
32031633,320310031112,41.9992214357
32031635,320310031065,9.0000000000
32031635,320310031066,3.0000000000
32031636,320310031052,5.0000000000
32031637,320310031102,6.0000000000
32031638,320310031062,10.0000000000
32031638,320310031066,7.0000000000
32031639,320310031063,6.0000000000
32031639,320310031064,8.0000000000
32031639,320310031065,2.0000000000
32031640,320310031081,12.9999999998
32031640,320310031082,5.0000000000
32031640,320310035082,2.0000000000
32031641,320310031101,2.0000000000
32031641,320310031104,17.0000000001
32031643,320310031101,1.0000000000
32031643,320310031102,8.0000000000
32031644,320310031101,14.0000000000
32031647,320310031081,0.0019819388
32031647,320310035071,10.0000000001
32031647,320310035072,3.9980180612
32031647,320310035082,8.0000000000
32031649,320310035031,2.0000000000
32031649,320310035081,13.3006433282
32031649,320310035082,6.0000000000
32031649,320310035101,1.5587370985
32031649,320310035103,0.1406195732
32031649,320310035121,8.8989599443
32031649,320310035122,0.0064268816
32031649,320310035131,3.0946131741
32031649,320310035211,6.9715596681
32031649,320310035212,0.7467860725
32031649,320310035223,0.2816542595
32031651,320310017041,0.9974620756
32031651,320310017042,0.0025379245
32031651,320310027043,6.0000000000
32031651,320310028011,5.0000000001
32031651,320310028012,11.0000000000
32031651,320310028013,1.0000000000
32031651,320310028023,5.0000000000
32031652,320310029011,4.0000000000
32031652,320310029012,11.0000000000
32031654,320310029012,4.0000000000
32031654,320310029024,10.0000000000
32031654,320310031063,4.0000000000
32031655,320310029011,12.6037531473
32031655,320310029012,1.0547049052
32031655,320310029013,2.3353422866
32031655,320310035081,0.0061996609
32031656,320310027043,3.0000000000
32031657,320310031051,12.0000000000
32031658,320310028011,10.0000000000
32031658,320310029013,13.0000000000
32031659,320310029011,1.0000000000
32031659,320310029022,10.0000000000
32031659,320310029024,3.0000000000
32031670,320310031091,6.3576780671
32031670,320310031092,0.5142012338
32031670,320310031111,2.0000000000
32031670,320310035131,0.3726831174
32031670,320310035132,3.7554375816
32031682,320310035111,9.4311525937
32031682,320310035112,20.7120267858
32031682,320310035113,29.7470553241
32031682,320310035122,1.9661690984
32031682,320310035123,0.8558563112
32031682,320310035161,0.1779745904
32031682,320310035172,0.0133418931
32031682,320310035173,0.0129884513
32031682,320310035174,0.5923801764
32031682,320310035201,0.2166548467
32031682,320310035221,0.0361455154
32031682,320310035222,0.2206857909
32031682,320310035223,0.0175686226
32031692,320310031051,7.0000000000
32031692,320310031052,8.0000000000
32031693,320310031051,4.0000000000
32031694,320310031081,3.9999999999
32031694,320310031082,15.0000000000
32031700,320310021071,6.0000000001
32031702,320310011031,20.0000000000
32031702,320310011032,8.9999999999
32031702,320310011034,18.0000000000
32031702,320310011051,3.0000000000
32031702,320310012013,1.0000000000
32031702,320310023021,1.0000000000
32031703,320310010111,2.0000000000
32031703,320310010112,10.9092681607
32031703,320310010131,5.3038525927
32031703,320310010132,1.7824083482
32031703,320310010134,0.0044708984
32031705,320310032033,12.0000000000
32031705,320310032052,6.0000000000
32031706,320310031111,2.0000000000
32031707,320310021031,10.3551959590
32031707,320310021041,12.6448040409
32031708,320310026231,0.0872920809
32031708,320310026232,3.9127079191
32031709,320310012013,3.9926447385
32031709,320310012014,0.0073552616
32031709,320310024111,1.0000000000
32031709,320310024141,0.8991675080
32031709,320310024142,0.1008324919
32031710,320310010121,16.0000000001
32031710,320310010133,6.0000000000
32031711,320310035071,9.0653789799
32031711,320310035072,7.9346210202
32031712,320310010101,0.0945188457
32031712,320310010102,6.8361786960
32031712,320310010103,1.9999999999
32031712,320310010104,0.0693024584
32031712,320310010111,6.0000000001
32031712,320310032033,1.0000000000
32031713,320310028011,5.0000000000
32031714,320299702001,9.8872408303
32031714,320310021032,2.0000000000
32031714,320310031111,3.0057046148
32031714,320310031112,0.9942953852
32031714,320310035013,18.1127591696
32031714,320310035131,1.0000000000
32031715,320310015041,1.0000000000
32031720,320310033051,7.0000000000
32031720,320310033061,3.0000000000
32031720,320310033062,4.0000000000
32031720,320310033083,10.0000000000
32031721,320310033051,19.0000000000
32031721,320310033111,22.0000000000
32031722,320310033082,19.9975766837
32031722,320319803001,0.0024233163
32031723,320310033062,12.5487064992
32031723,320310033071,11.0000000000
32031723,320310033072,18.4512935010
32031724,320310010121,1.0000000000
32031724,320310010131,9.0000000000
32031724,320310010132,24.0792525507
32031724,320310010133,3.6988203692
32031724,320310010134,5.2219270801
32031725,320310017041,1.0000000000
32031725,320310027031,11.0000000002
32031725,320310027041,4.9221888655
32031725,320310027042,4.9996993641
32031725,320310027043,11.3992964022
32031725,320310027071,0.4883256034
32031725,320310027072,0.1904897645
32031726,320310027051,8.0000000000
32031726,320310027052,7.0000000000
32031726,320310027061,5.6889141234
32031726,320310027063,6.3110858767
32031727,320310033061,9.0000000000
32031727,320310033071,2.0000000000
32031727,320310033112,25.0000000000
32031728,320310027051,1.9999432594
32031728,320310027061,1.0000000000
32031728,320310027071,3.0000879960
32031728,320310029012,0.5684915535
32031728,320310029013,2.1615235570
32031728,320310031051,1.9360579382
32031728,320310035031,6.9999687448
32031728,320310035071,3.9999999999
32031728,320310035081,0.3728343887
32031728,320310035082,2.9999999999
32031728,320310035101,0.1942002410
32031728,320310035102,21.1208121484
32031728,320310035103,6.6586294958
32031728,320310035113,8.6872066656
32031728,320310035121,0.0736312916
32031728,320310035122,7.3343077222
32031728,320310035123,0.5920609862
32031728,320310035201,4.7629891562
32031728,320310035211,0.0006219584
32031728,320310035212,0.2297655248
32031728,320310035221,0.2685790525
32031728,320310035222,0.7734633136
32031728,320310035223,4.2648250063
32031729,320310033081,17.4535506465
32031729,320310033082,3.3416848547
32031729,320310033083,3.2023371562
32031729,320319803001,0.0024273425
32031730,320310033101,37.0000000001
32031730,320310033102,20.0000000000
32031731,320310010112,24.0000000001
32031732,320310032051,10.0000000001
32031732,320310032052,20.0000000001
32031732,320310032053,8.0000000000
32031734,320310027062,9.0000000000
32031734,320310027071,3.0000000000
32031734,320310027072,11.0000000000
32031735,320310027041,15.0000000000
32031735,320310027043,5.0000000001
32031735,320310027072,5.0050447875
32031735,320310027073,3.9949552125
32031737,320310033083,7.0000000000
32031739,320310033083,10.0000000000
32031740,320310033072,1.0000000000
32031740,320310033102,19.0000000000
32031741,320310026141,1.0000000000
32031741,320310026211,6.0000000001
32031741,320310026212,3.0000000000
32031747,320310026212,7.9999999999
32031748,320310026211,4.0000000000
32031750,320310023021,9.0000000000
32031750,320310023041,1.0000000000
32031750,320310024092,4.0000000000
32031751,320310024011,0.5157539762
32031751,320310025003,2.4842460237
32031752,320310025001,0.4285365735
32031752,320310025002,4.5714634267
32031753,320310017032,7.0000000000
32031753,320310028013,11.0000000001
32031753,320310028023,3.0000000000
32031757,320310012031,0.3303521089
32031757,320310012042,1.6696478911
32031760,320310026222,2.0000000000
32031760,320310026231,8.9999999999
32031760,320310027031,1.0178127046
32031760,320310027053,0.9821872954
32031761,320310010151,2.0000000000
32031764,320310023021,5.0000000000
32031769,320310021031,3.0000107449
32031769,320310022072,5.8859737992
32031769,320310022073,0.0025541285
32031769,320310022074,0.1105359403
32031769,320310022101,0.1165741717
32031769,320310022102,1.9282832460
32031769,320310022103,11.8422237807
32031769,320310022104,1.2596643510
32031769,320310022132,0.0193728375
32031769,320310022135,0.0179389698
32031769,320310022141,0.1363834640
32031769,320310022171,0.0700227403
32031769,320310022172,0.4736404671
32031769,320310022173,0.1179440828
32031769,320310022174,0.4275514935
32031769,320310022181,0.0310091318
32031769,320310022182,0.1931880871
32031769,320310022183,0.0203434553
32031769,320310022191,0.1917286810
32031769,320310022192,0.1550564274
32031771,320310010131,1.7879432613
32031771,320310032061,7.8813811936
32031771,320310033082,0.0041534874
32031771,320319803001,10.3265220576
32031774,320310031081,3.9999999999
32031774,320310031082,2.0000000000
32031779,320310021032,1.0000000000
32031781,320310021031,3.0000000000
32031781,320310021032,8.9999999999
32031781,320310021041,2.0000000000
32031787,320310010122,8.0000000000
32031787,320310010123,3.0000000000
32031787,320310010133,5.9999999999
32031790,320310010101,3.0000000001
32031797,320310023021,9.0000000000
32031798,320310010122,1.0000000000
32031799,320310010121,1.0000000000
32031800,320310029013,1.9999999999
32031801,320310035012,48.0000000000
32031802,320310026111,11.0000000000
32031802,320310026112,3.9999999999
32031802,320310026181,5.0000000000
32031802,320310026184,12.0000000000
32031803,320310011034,9.0000000000
32031804,320310035013,25.0000000001
32031804,320310035181,16.7516378888
32031804,320310035182,15.6347400399
32031804,320310035191,0.1580236351
32031804,320310035192,4.2002107696
32031804,320310035193,1.2553876668
32031805,320310035011,669.9999999997
32031805,320319402001,38.0000000000
32031807,320310026121,15.2247402720
32031807,320310026122,3.0000000000
32031807,320310026123,8.0000000000
32031807,320310026124,10.0931100914
32031807,320310026131,1.0000000000
32031807,320310026132,1.5352607438
32031807,320310026133,3.7975166806
32031807,320310026134,0.3493722120
32031808,320319402001,49.0396710567
32031808,320319901000,0.9603289433
32031809,320310026031,33.9999999996
32031809,320310026122,8.0000000000
32031810,320310027051,1.9999999998
32031810,320310035031,10.0000000000
32031810,320310035033,2.0000000000
32031811,320310026111,0.9998052352
32031811,320310026181,21.0000000000
32031811,320310026182,48.0001947647
32031811,320310026183,34.0000000000
32031811,320310035013,2.0000000000
32031812,320310035013,44.0000000002
32031812,320310035162,7.0000000000
32031813,320310023021,20.0439061634
32031813,320310023022,19.5695850995
32031813,320310023023,65.3762107297
32031813,320310023031,1.1796630902
32031813,320310023032,0.0397865447
32031813,320310023033,3.4683849679
32031813,320310023041,3.0006957553
32031813,320310023042,1.0714918719
32031813,320310023043,0.1143571465
32031813,320310023044,0.5941215911
32031813,320319802001,0.0374542784
32031813,320319803001,2.5043427609
32031814,320310010133,1.0000000000
32031814,320310010142,0.9420636792
32031814,320310011033,1.0000000000
32031814,320319803001,0.0579363208
32031815,320199601031,12.1564063486
32031815,320199601062,2.0000000000
32031815,320310035011,5.8435936514
32031815,320310035013,76.5348880348
32031815,320319402001,167.4651119646
32031816,320310032033,1.0545571238
32031816,320310032061,73.1204912137
32031816,320310032071,11.1670337447
32031816,320310032072,11.6579179178
32031816,320310033102,2.0000000000
32031817,320310032052,3.0000000000
32031817,320310032071,9.0000000000
32031817,320310032072,26.0000000001
32031817,320310032073,12.0000000000
32031818,320310032071,8.0000000002
32031818,320310032073,7.0000000000
32031819,320310032072,24.0000000000
32031821,320310026181,9.9999999999
32031821,320310026184,3.9935761995
32031821,320310026185,2.0064238006
32031824,320310013001,0.9958463429
32031824,320310024063,0.0041536571
32031825,320310010133,0.2649193182
32031825,320310010134,0.0475577427
32031825,320310010142,0.0165978368
32031825,320310011033,0.0009518643
32031825,320310011034,2.0000000000
32031825,320310023021,0.5915492040
32031825,320319803001,5.0784240340
32031827,320310026231,0.0950954699
32031827,320310027031,0.9049045301
32031829,320310022163,3.0000000000
32031830,320310031091,1.0000000000
32031830,320310031111,3.0000000000
32031830,320310035013,11.9999999999
32031830,320310035121,0.5871014222
32031830,320310035123,0.0009173529
32031830,320310035131,2.4128985778
32031830,320310035161,2.3925136636
32031830,320310035162,0.0001459145
32031830,320310035171,0.0538604664
32031830,320310035172,0.1359568345
32031830,320310035173,0.1176262590
32031830,320310035174,5.2989795092
32031832,320310026131,0.0005168542
32031832,320310026182,5.0000000000
32031832,320310035012,58.9994831457
32031832,320310035013,3.0000000000
32031833,320310022163,1.0000000000
32031834,320310022082,4.0000000000
32031836,320310026185,1.0000000000
32031836,320310026231,1.0000000000
32031838,320310026181,2.0000000000
32031838,320310035012,1.0000000000
32031838,320310035013,20.0000000000
32031838,320310035031,2.0006846955
32031838,320310035032,23.5649239943
32031838,320310035033,3.4343913102
32031840,320310021042,2.0000000000
32031840,320310022072,2.0000000000
32031840,320310022073,1.0000000000
32031840,320310022074,0.1453728118
32031840,320310022132,0.3143278810
32031840,320310022134,0.1026200904
32031840,320310022135,0.4045362516
32031840,320310022141,1.0331429653
32031840,320310022152,1.0000000000
32031841,320310027053,1.0000000000
32031844,320310032051,1.0000000000
32031847,320310022072,0.1196304850
32031847,320310032053,1.8803695150
32031848,320310023041,6.9846522611
32031848,320310023042,4.7234975229
32031848,320310023043,1.0175919817
32031848,320310023044,0.2742582341
32031848,320310024092,1.0000000000
32031850,320310027031,1.0000000000
32031850,320310027052,8.0000000000
32031850,320310027053,10.0000000000
32031850,320310027063,3.0000000000
32031851,320310027063,6.0000000000
32031851,320310027073,9.0000000000
32031852,320310027031,11.0000000000
32031852,320310027041,2.0000000000
32031852,320310027053,3.0000000000
32031852,320310027073,1.0000000000
32031853,320310026122,4.0747597853
32031853,320310026123,6.9252402147
32031853,320310026124,11.6271390735
32031853,320310026131,9.0000000000
32031853,320310026132,3.0000000001
32031853,320310026134,0.3728609265
32031854,320310035141,9.2742020611
32031854,320310035142,11.4192049058
32031854,320310035161,0.0078482972
32031854,320310035162,6.2987447357
32031856,320310026184,5.0000000000
32031856,320310026185,22.0000000001
32031856,320310026232,1.0000000000
32031858,320310035141,7.6770916853
32031858,320310035142,3.7265564952
32031858,320310035162,31.5963518196
32031859,320310026141,0.0602495612
32031859,320310026152,1.0034110793
32031859,320310026153,13.9363393597
32031859,320310026185,1.0000000000
32031861,320310035013,18.0000000000
32031861,320310035162,3.0000000000
32031862,320310035013,4.0000000000
32031865,320310035012,4.0000000000
32031865,320310035013,2.0000000000
32031870,320310024112,1.0000000000
32031873,320310035013,1.0000000000
32031873,320310035162,5.0000000000
32031874,320310035162,1.0000000000
32031876,320310035162,2.0000000000
32031877,320310035162,1.0000000000
32031879,320310021032,5.0000000000
32031880,320310027051,4.9999999999
32031880,320310027052,9.0000000000
32031880,320310027053,3.0000000000
32031881,320310032061,2.0000000000
32031882,320310026231,1.0000000000
32031883,320310026231,1.0000000001
32031884,320310035013,4.0000000000
32031887,320310022103,1.0000000000
32031888,320310027053,1.0000000000
32031889,320310026231,5.0000000001
32031890,320310026231,1.0000000000
32031892,320310035011,4.0000000001
32031892,320310035012,2.0000000000
32031892,320310035013,17.0000000000
32031893,320310035013,7.0000000000
32031896,320299702001,1.3443496031
32031896,320310035013,13.6556503969
32031897,320310035013,3.0000000000
32031901,320310010142,1.0000000000
32031902,320310010131,4.0000000002
32031902,320310010132,0.0497134487
32031902,320310010134,0.9502865512
32031902,320310032031,8.1843306658
32031902,320310032032,11.0167963102
32031902,320310032033,1.7896979601
32031902,320310032034,0.0091750638
32031902,320310032061,9.0000000000
32031905,320310024011,0.0000007797
32031905,320310024121,1.0000000000
32031905,320310024122,4.7875808468
32031905,320310026102,4.0000000001
32031905,320310026122,9.4713738772
32031905,320310026131,1.0151755681
32031905,320310026142,0.9910480395
32031905,320310026143,0.0089519605
32031905,320310026201,0.0485839275
32031905,320310026202,1.0780490936
32031905,320310026212,21.3969406780
32031905,320319802001,1.2022952288
32031908,320310035011,146.0000000000
32031908,320310035012,25.0000000000
32031908,320310035013,14.0000000000
32031909,320310035013,58.9866771702
32031909,320319402001,0.0133228298
32031910,320199601031,0.0000672285
32031910,320310035011,20.0930731724
32031910,320319402001,84.3480266415
32031910,320319901000,2.5588329576
32031913,320310024011,1.0049104649
32031913,320310024122,0.9950895351
32031914,320310024071,0.4042700967
32031914,320310024072,2.5957299032
32031914,320310024121,5.0000000000
32031914,320310024122,1.0000000000
32031916,320310026211,2.0000000000
32031917,320310022072,2.0000000000
32031918,320310035011,17.0000000001
32031918,320319402001,1.0000000000
32031919,320310023032,2.6040014869
32031919,320310024122,0.0137913653
32031919,320310026122,0.7294976550
32031919,320310026212,0.0440751896
32031919,320319802001,0.6086343032
32031922,320310032031,3.0214723794
32031922,320310032032,8.0000000000
32031922,320310032033,3.2904242163
32031922,320310032034,9.6881034040
32031929,320310032051,1.0000000000
32031932,320310032051,2.0000000000
32031933,320310032053,2.0000000000
32031934,320310023032,0.0114206921
32031934,320310023033,0.6579332478
32031934,320310023043,0.0003708216
32031934,320310023044,0.3302752385
32031934,320310024071,0.0048288593
32031934,320310024072,0.8354517799
32031934,320310024122,0.1597193608
32031935,320310032053,17.0000000000
32031936,320310022072,1.0000000000
32031938,320310010111,1.0000000000
32031940,320310010101,15.0651988051
32031940,320310010103,0.9999999998
32031940,320310010104,3.9999999999
32031940,320310010111,15.9348011948
32031940,320310010131,6.7233579131
32031940,320310010132,0.4457090825
32031940,320310010134,6.8309330046
32031945,320310022103,17.0000000000
32031945,320310032051,11.0000000000
32031ZZZZZZ,320310033062,0.0084627750
32031ZZZZZZ,320310033072,0.1762234476
32031ZZZZZZ,320319900000,3.8153137774
320330005,320339702002,70.0000000000
320330005,320339702003,3.0000000000
320330005,320339703003,20.0000000000
320330010,320339703001,6.0000000000
320330010,320339703002,72.0000000000
320330010,320339703003,16.0000000000
320330015,320339702002,27.0000000000
320330015,320339703001,47.0000000000
320330015,320339703002,17.0000000000
320330015,320339703003,3.0000000000
320330020,320339702001,72.9999999999
320330020,320339703001,2.0000000000
320330025,320339701001,2.0000000000
320330025,320339701002,68.0000000000
320330030,320079512021,0.0014770994
320330030,320079515002,0.0010828235
320330030,320339701001,820.9974400782
320330030,320339702003,207.0000000003
320330030,320339702004,375.0000000007
320330035,320339701001,24.3521309034
320330035,320339701002,3.9571462189
320330035,320339702001,54.0841154352
320330035,320339702002,43.9891830409
320330035,320339702003,151.9267015237
320330035,320339702004,37.2539314358
320330035,320339703001,1.0000000000
320330035,320339703002,8.0000000000
320330035,320339703003,71.4367914418
320330040,320339702004,203.9554304864
320330040,320339703003,100.0445695129
320330045,320339702003,151.7201466240
320330045,320339702004,234.2798533767
320330050,320339701001,133.9999999997
325100101,325100002003,29.0000000000
325100102,325100002001,5.0000000000
325100102,325100002002,9.0000000000
325100102,325100005021,9.0000000000
325100104,325100002001,10.0000000000
325100106,325100004001,7.0000000000
325100106,325100004002,12.0000000000
325100107,325100003001,7.3997081326
325100107,325100003003,5.6002918675
325100108,325100004001,21.0000000000
325100109,325100004002,5.0000000000
325100109,325100004003,9.0000000000
325100110,325100001001,1.0124917788
325100110,325100003001,14.9999999999
325100110,325100003002,22.0475333123
325100110,325100003003,15.9875082212
325100110,325109900000,0.9524666876
325100111,325100001001,45.0000000000
325100112,325100002002,8.0000000000
325100112,325100002003,1.0000000000
325100112,325100003003,1.0000000000
325100113,325100005011,7.0000000000
325100113,325100005012,9.9965545234
325100113,325100005013,0.0034454766
325100114,325100001001,9.0000000000
325100114,325100001002,6.0643934007
325100114,325100001003,0.9323323206
325100114,325100003002,0.0032742787
325100117,325100003001,12.3984065685
325100117,325100003003,3.6015934315
325100117,325100004001,2.0000000000
325100220,325100005014,4.0000000000
325100220,325100005022,2.0000000000
325100220,325100005023,5.0000000000
325100221,325100005023,2.0000000000
325100221,325100009003,7.0000000000
325100222,325100009002,4.0000000000
325100222,325100009003,13.0000000000
325100222,325100009004,3.0000000000
325100223,325100009001,11.0000000000
325100224,325100004002,2.0000000000
325100224,325100005014,11.9999999999
325100224,325100005015,14.9999999999
325100224,325100005023,8.0000000000
325100224,325100009001,4.0000000000
325100224,325100009002,3.0000000000
325100225,325100004001,36.0000000000
325100225,325100004002,1.0000000000
325100225,325100009001,2.0000000000
325100225,325100009002,10.0000000000
325100226,325100005013,6.0000000000
325100226,325100005014,13.0000000000
325100226,325100005021,13.0000000000
325100226,325100005022,6.0000000000
325100227,325100001001,45.0000000000
325100227,325100005021,10.0000000000
325100227,325100005022,7.0000000000
325100227,325100006021,5.0000000000
325100229,325100009002,4.0000000000
325100229,325100009003,7.0000000000
325100229,325100009004,8.0000000001
325100260,325100010013,2.0000000000
325100260,325100010021,34.0000000000
325100260,325100010023,14.0000000000
325100330,325100006011,2.6970323514
325100330,325100006012,13.3029676486
325100330,325100006022,2.0000000000
325100331,325100006011,4.0000000000
325100332,325100006022,10.0289591094
325100332,325100010011,11.0000000000
325100332,325100010012,8.9710408906
325100332,325100010013,2.0000000000
325100333,325100007011,6.0000000000
325100333,325100007012,21.0000000000
325100334,320199603032,0.0000000318
325100334,325100008003,0.3085833201
325100334,325100010021,82.6914166484
325100335,325100001001,21.0000000000
325100335,325100001003,1.2857142858
325100335,325100003002,1.7142857142
325100335,325100006012,17.0000000000
325100335,325100006021,13.0000000000
325100336,325100010012,4.0000000000
325100336,325100010013,10.0000000000
325100337,325100010021,13.0000000000
325100337,325100010022,0.3066838125
325100337,325100010023,1.6933161875
325100338,325100010021,13.0000000000
325100338,325100010022,14.6650670999
325100338,325100010023,4.3349329001
325100339,325100007022,9.0000000000
325100339,325100007023,15.0000000000
325100440,325100001001,31.0000000000
325100440,325100001002,27.0000000000
325100440,325100001003,16.0000000000
325100444,325100007011,1.0000000000
325100444,325100007013,3.0000000000
325100444,325100007022,10.0000000000
325100445,325100007011,6.0000000000
325100445,325100007013,3.0000000001
325100446,320050019001,1.0019959654
325100446,325100001001,0.8600916225
325100446,325100001002,1.1823722911
325100446,325100001003,4.9382701102
325100446,325100003002,38.0172700108
325100447,325100003002,25.0000000000
325100447,325100008001,56.0000000000
325100447,325100008002,29.0000000000
325100448,325100001001,0.1276667493
325100448,325100001002,1.0273633053
325100448,325100003002,22.8449699454
325100448,325100007013,7.0000000000
325100448,325100007021,20.0000000000
325100448,325100007022,4.0000000000
325100449,325100008001,9.0000000000
325100449,325100008002,27.9827857292
325100449,325100008003,7.0152390668
325100449,325100010021,0.0019752041
325100481,325100008003,25.5398411957
325100481,325100010021,1.4601588043
325100482,325100007011,5.0000000000
325100482,325100007013,9.0000000000
